"","discharge","TN","TP"
"1",1773792000,23607213253.632,2511405665.28
"2",3687552000,49077246062.592,5220983623.68
"3",3862944000,51411519949.824,5469310632.96
"4",3916512000,52124450890.752,5545154350.08
"5",3972672000,52871878490.112,5624667924.48
"6",5218560000,69453272309.76,7388645990.4
"7",4156704000,55321141238.784,5885227791.36
"8",6054912000,80584194097.152,8572786606.08
"9",6086016000,80998153998.336,8616824893.44
"10",5738688000,76375601768.448,8125064017.92
"11",5622048000,74823252139.008,7959920440.32
"12",7188480000,95670732718.08,10177737523.2
"13",5784480000,76985042734.08,8189898163.2
"14",5304096000,70591662038.016,7509751280.64
"15",4672512000,62185976266.752,6615529390.08
"16",3807648000,50675591236.608,5391020344.32
"17",1760832000,23434729961.472,2493056378.88
"18",1937088000,25780502734.848,2742606673.92
"19",2321568000,30897507068.928,3286968837.12
"20",1100062080,14640611816.2637,1557511895.3472
"21",151200000,2012305075.2,214075008
"22",607392000,8083716959.232,859969889.28
"23",114462720,1523372436.35712,162060897.4848
"24",0,0,0
"25",352857600,4696145101.2096,499589904.384
"26",530089920,7054911615.92832,750522512.3328
"27",191721600,2551602835.3536,271447110.144
"28",680572800,9057672615.6288,963582193.152
"29",1071100800,14255169152.7168,1516507356.672
"30",254456640,3386536958.26944,360269889.1776
"31",1109289600,14763419920.2816,1570576587.264
"32",2880576000,38337286404.096,4078434723.84
"33",1851552000,24642113006.592,2621501383.68
"34",2265408000,30150079469.568,3207455262.72
"35",529113600,7041917874.5856,749140199.424
"36",301190400,4008511709.7984,426437415.936
"37",754272000,10038527603.712,1067928468.48
"38",2929824000,38992722914.304,4148162012.16
"39",3087936000,41097019078.656,4372023306.24
"40",916790400,12201468087.3984,1298028519.936
"41",456883200,6080610992.9472,646873509.888
"42",145324800,1934112649.4208,205756664.832
"43",1324814400,17631817068.9024,1875725220.096
"44",460736640,6131896025.14944,652329364.3776
"45",4396896000,58517831586.816,6225301232.64
"46",1121472000,14925554214.912,1587824916.48
"47",600134400,7987126315.6224,849694288.896
"48",251769600,3350775422.3616,356465470.464
"49",102643200,1366067673.9072,145326348.288
"50",270432000,3599151363.072,382888442.88
"51",198720000,2644743813.12,281355724.8
"52",221702400,2950614184.5504,313895126.016
"53",282700800,3762435546.3168,400259100.672
"54",402485760,5356641121.32096,569855438.4384
"55",209001600,2781580558.2336,295912825.344
"56",653443200,8696607590.7072,925171020.288
"57",319723200,4255162817.5872,452676895.488
"58",98133120,1306043488.23552,138940796.6208
"59",31881600,424308898.7136,45139244.544
"60",21401280,284827409.78688,30300788.2752
"61",17539200,233427388.7232,24832700.928
"62",0,0,0
"63",0,0,0
"64",0,0,0
"65",0,0,0
"66",0,0,0
"67",58579200,779624480.5632,82938774.528
"68",1440288000,19168643202.048,2039217361.92
"69",207878400,2766632006.2464,294322553.856
"70",372643200,23847662302.6176,527603148.288
"71",323654400,20712576625.4592,458242845.696
"72",91800000,5874829862.4,129974112
"73",227603520,14565707582.6074,322250167.7568
"74",230688000,14763101865.984,326617297.92
"75",450489600,28829518025.9328,637821195.264
"76",557712000,24162707317.248,1737188107.776
"77",2965248000,128468491886.592,9236296802.304
"78",5234112000,226766353102.848,16303463294.976
"79",4705344000,203857636018.176,14656431347.712
"80",1665792000,72169945325.568,5188688879.616
"81",1107648000,47988521736.192,3450155157.504
"82",1000080000,29451827957.76,5663813068.8
"83",238636800,7027727759.7696,1351486107.648
"84",787752000,23198880466.944,4461323166.72
"85",877651200,25846364440.1664,4970454700.032
"86",3544128000,104372698300.416,20071672750.08
"87",2106432000,89471120486.4,7754163775.488
"88",1506816000,64002310963.2,5546866950.144
"89",2186784000,92884087756.8,8049954272.256
"90",2760480000,117251940096,10161834808.32
"91",3268512000,138830700902.4,12031994078.208
"92",2273184000,97197638003.712,5149543735.296
"93",2.376e+09,101593882368,5382457344
"94",2456352000,105029602753.536,5564482265.088
"95",4290624000,183460079941.632,9719739334.656
"96",3494880000,100943094343.68,4948190899.2
"97",3327264000,96101818619.904,4710873461.76
"98",2868480000,82850697953.28,4061308723.2
"99",1617753600,46725797243.2896,2290480257.024
"100",1629331200,60440053898.6496,2306872286.208
"101",745891200,27668840031.1296,1056062596.608
"102",1031097600,38248573720.7808,1459869225.984
"103",1400803200,51962805910.4256,1983313202.688
"104",872380800,32360972755.0464,1235151631.872
"105",900547200,31365756392.1408,2550061495.296
"106",489283200,17041569456.8448,1385493451.776
"107",952992000,33192391154.688,2698568386.56
"108",103766400,3614148846.4896,293833239.552
"109",186624000,6500051214.336,528459448.32
"110",22360320,37990362.56256,88644179.31264
"111",0,0,0
"112",0,0,0
"113",0,0,0
"114",111283200,4096539353.088,504189458.8416
"115",170035200,6259308576.768,770376440.2176
"116",221097600,8139009475.584,1001724243.1488
"117",290822400,10705707657.216,1317625557.8112
"118",439084800,16163519404.032,1989356234.3424
"119",277776000,5977952851.968,786572743.68
"120",655344000,14103506184.192,1855724497.92
"121",596937600,12846555600.0768,1690336263.168
"122",2919456000,62828935262.208,8266965166.08
"123",3061152000,52009217372.16,6934562316.288
"124",2522880000,42863933030.4,5715191070.72
"125",767145600,13033865115.648,1737848682.0864
"126",191808000,6897863743.488,706080540.672
"127",46880640,1685937327.57504,172576261.87776
"128",49939200,1795930289.9712,183835384.0128
"129",0,0,0
"130",908064000,32656102677.504,3342750667.776
"131",1059609600,48607700056.4736,8701378405.1712
"132",486777600,22330053988.7616,3997355343.6672
"133",633312000,29052058171.392,5200677080.064
"134",620006400,28441687508.5824,5091413195.9808
"135",383564160,17595321561.5386,3149779785.70752
"136",442108800,20280952477.9008,3630540875.6736
"137",215913600,9904651210.1376,1773054846.2592
"138",175219200,5507428217.2416,1190795290.2144
"139",252460800,7935258999.3984,1715731675.5456
"140",455500800,14317140809.3184,3095598012.8256
"141",957657600,30100756587.7248,6508271694.6432
"142",1383264000,43478267139.072,9400706408.448
"143",1523232000,47877692046.336,10351933415.424
"144",9.72e+08,14587682688,5780025216
"145",1401235200,21029603363.0208,8332484351.3856
"146",186537600,2799538393.1904,1109251061.4528
"147",0,0,0
"148",0,0,0
"149",0,0,0
"150",0,0,0
"151",85276800,4274135979.7248,531248539.8528
"152",297561600,14914006397.3376,1853718309.2736
"153",0,0,0
"154",0,0,0
"155",0,0,0
"156",0,0,0
"157",0,0,0
"158",413553600,20727610807.4496,2576313207.7056
"159",0,0,0
"160",0,0,0
"161",0,0,0
"162",0,0,0
"163",0,0,0
"164",0,0,0
"165",0,0,0
"166",0,0,0
"167",0,0,0
"168",0,0,0
"169",0,0,0
"170",164160000,8553214033.92,836727459.84
"171",0,0,0
"172",0,0,0
"173",0,0,0
"174",0,0,0
"175",0,0,0
"176",0,0,0
"177",0,0,0
"178",327456000,17061411151.872,1669051090.944
"179",201830400,10515951570.1248,1028734392.7296
"180",139294080,7257627192.36096,709985268.81792
"181",210297600,10957117346.6112,1071891914.3424
"182",472262400,24606246268.1088,2407132787.0976
"183",414892800,21617123047.8336,2114718559.0272
"184",429840000,22395915694.08,2190904796.16
"185",922017600,48039801875.2512,4699545835.6224
"186",2366496000,123301332836.352,12062086907.904
"187",1909440000,99487384289.28,9732461506.56
"188",2577312000,134285460332.544,13136621119.488
"189",1749600000,91159254835.2,8917753190.4
"190",1847232000,96246166339.584,9415385837.568
"191",1550707200,80796360779.3664,7903991815.3728
"192",701654400,36558237457.6128,3576349316.5056
"193",2836512000,147790535122.944,14457769740.288
"194",6429024000,334970871717.888,32768889624.576
"195",2107728000,109818766503.936,10743140201.472
"196",3175200000,165437166182.4,16184070604.8
"197",962496000,50148844388.352,4905865211.904
"198",298425600,15548842775.3472,1521082445.4144
"199",679259520,28466994844.3853,3462202075.66848
"200",1356480000,56848535838.72,6914011115.52
"201",776390400,32537639684.5056,3957280502.1696
"202",212198400,8892993886.6176,1081580337.5616
"203",100949760,4230689762.67264,514543349.51424
"204",68256000,2860531421.184,347902470.144
"205",0,0,0
"206",140253120,5877848931.65568,714873518.71488
"207",46733760,1958558792.04864,238203096.33024
"208",262310400,10993130879.3856,1337002404.2496
"209",422064000,17688222775.296,2151270337.536
"210",286243200,12077182254.1824,1296878631.3216
"211",485740800,20494391377.3056,2200740013.6704
"212",259113600,10932529302.8352,1173962878.1568
"213",235975680,9956293441.78176,1069132181.66784
"214",8493120,358341990.81984,38479676.86656
"215",329279040,13892951792.6093,1491860595.17952
"216",56505600,2304083194.6752,192006932.8896
"217",664588800,27099400509.8496,2258283375.8208
"218",697161600,28427595256.6272,2368966271.3856
"219",600912000,24502903087.104,2041908590.592
"220",306547200,9288066255.6672,260413072.5888
"221",180757440,5476765336.38144,153554168.30976
"222",134092800,4062874528.9728,113912369.9712
"223",217641600,6594317615.0016,184887409.7664
"224",200361600,6070751309.7216,170207980.6464
"225",82857600,2510500433.8176,70387862.6304
"226",115920000,3512257297.92,98474503.68
"227",436406400,19401483413.6064,4448747789.1072
"228",336960000,14980357416.96,3434986414.08
"229",327369600,14553993398.1696,3337221416.1408
"230",52444800,2331558192.8448,534624808.5504
"231",415411200,18468091913.0112,4234721712.5376
"232",262742400,11680837667.9424,2678408637.2352
"233",1918080000,85272803758.08,19552999587.84
"234",4484160000,269191371202.56,31744265472
"235",5101920000,306276502302.72,36117512064
"236",3583008000,215093760380.928,25364830233.6
"237",3076704000,184699513073.664,21780602956.8
"238",3532896000,149060061084.672,21008464985.088
"239",1925856000,81255777979.392,11452156627.968
"240",2145312000,90515072553.984,12757157876.736
"241",1996704000,84244999062.528,11873456243.712
"242",1364256000,67218573883.392,6181018288.128
"243",1114473600,54911487303.4752,5049332165.8368
"244",2636928000,129924691255.296,11947098046.464
"245",2833920000,139630729789.44,12839607336.96
"246",3741120000,149370531010.56,7415558277.12
"247",1641600000,65543651020.8,3253940121.6
"248",3557952000,142057239422.976,7052487063.552
"249",2015712000,80480704121.856,3995495949.312
"250",1241395200,49564798835.0976,2460663771.9552
"251",508809600,20315082150.6048,1728943161.7536
"252",288506880,11519124183.6134,980350994.35008
"253",32106240,1281895827.33312,109097517.21984
"254",55054080,2198127075.28704,187074644.70528
"255",1057458240,39226421872.4659,4192136688.66048
"256",709171200,26306711337.3696,2811404265.0624
"257",282268800,10470763394.1504,1119012881.8176
"258",876528000,36237883382.784,1737432764.928
"259",2597184000,107374152241.152,5148075792.384
"260",2453760000,101444641505.28,4863784181.76
"261",1807488000,74726123249.664,3582759333.888
"262",3151872000,130306356412.416,6247565033.472
"263",2905632000,83923764221.952,2468346006.528
"264",1239580800,35802980829.3888,1053028847.9232
"265",2457216000,70972103909.376,2087414820.864
"266",2571264000,74266167803.904,2184299053.056
"267",1093651200,31588076346.1632,929061069.0048
"268",919209600,26029074401.28,1301453720.064
"269",161231040,4565547113.472,228277355.6736
"270",174182400,4932288184.32,246614409.216
"271",203990400,7509261966.336,254159635.78368
"272",777945600,28637608955.904,969272918.50752
"273",482025600,17744249263.104,600574590.44352
"274",519350400,13676897508.2496,1470634140.672
"275",307238400,8091007742.3616,870000832.512
"276",272419200,7174057202.3808,771404000.256
"277",391469760,10309208936.9702,1108517089.9968
"278",785030400,20673480412.5696,2222954883.072
"279",1195776000,44695925784.576,5248385224.704
"280",347051520,12972152795.6275,1523245214.63808
"281",1115510400,41695744061.0304,4896091158.6816
"282",1172448000,43823967694.848,5145996206.592
"283",2071008000,77410501521.408,9089869496.832
"284",2757888000,98399149277.184,7809456291.84
"285",1941408000,69267822188.544,5497446205.44
"286",6047136000,215756781262.848,17123554068.48
"287",5278176000,188320928237.568,14946105415.68
"288",3172608000,113196013830.144,8983810621.44
"289",2307744000,72536197082.112,7122923857.6128
"290",1440288000,45270625434.624,4445493848.9856
"291",1165536000,36634717283.328,3597463228.7232
"292",2341440000,73595317893.12,7226927612.928
"293",2154816000,67729418016.768,6650906814.2592
"294",4958496000,195168147950.592,13198421516.0832
"295",6936192000,273010958659.584,18462611592.8064
"296",6445440000,253694787194.88,17156338126.848
"297",5855328000,230467771155.456,15585590279.5776
"298",6083424000,208438351875.072,9646733640.4992
"299",4342464000,148787268360.192,6886022337.3312
"300",5075136000,173891049412.608,8047850220.7488
"301",4574880000,139909638942.72,10363676958.72
"302",3296160000,100803639767.04,7466936279.04
"303",1091750400,33388067944.8576,2473190218.1376
"304",2630016000,80431528034.304,5957890965.504
"305",2242944000,68594036391.936,5081039732.736
"306",1132704000,35602753416.192,2213144131.2768
"307",19483200,612389084.3136,38067429.56544
"308",322099200,10124108675.4816,629336485.23264
"309",77241600,2427830782.1568,150919210.78272
"310",266397120,10259178995.9578,822243022.470144
"311",1261949760,48598755390.9965,3895047307.07251
"312",1515456000,58361495666.688,4677502226.2272
"313",1418947200,54644859939.2256,4379624803.95264
"314",426980160,13178875856.2099,785896266.65472
"315",1251244800,38620061140.3776,2303031168.9216
"316",813801600,25118240290.0992,1497876714.5472
"317",1579392000,48748426850.304,2907016280.064
"318",752371200,23222171827.8144,1278284687.7696
"319",1350604800,41686838540.6976,2294688360.0384
"320",571104000,17627303144.448,970310264.832
"321",1478304000,45628314190.848,2511650322.432
"322",1162425600,39499407876.096,2337048299.33568
"323",907200000,30826801152,1823919068.16
"324",670965120,22799502132.0192,1348970542.81114
"325",183582720,6238170198.8352,369091736.764416
"326",455932800,12135924436.3776,955381285.41696
"327",554774400,14766869586.1248,1162498244.01408
"328",541036800,14401205006.7456,1133711883.50976
"329",328320000,8739153469.44,687975911.424
"330",81924480,2180648768.34816,171668094.529536
"331",340994880,9752442656.16384,820750124.52864
"332",66268800,1895285559.3984,159504230.2464
"333",198115200,5666088380.3136,476849022.1056
"334",0,0,0
"335",267321600,7645389205.7088,643423844.0448
"336",554515200,18528473298.1248,1648720081.6128
"337",977443200,32660115054.7968,2906196678.6048
"338",95195520,3180846350.86848,283041412.57728
"339",186719040,6238997140.00896,555164999.74656
"340",190028160,5650038871.1424,812529399.564288
"341",223862400,6656020148.736,957199088.05632
"342",431879040,12840904019.8656,1846644292.38067
"343",448070400,13322315897.856,1915875905.31072
"344",787449600,23412955474.944,3367005977.82528
"345",1581984000,52412167701.504,6764305404.2112
"346",2960064000,98068862121.984,12656750581.5552
"347",3093984000,102505719573.504,13229370645.8112
"348",3050784000,101074475234.304,13044654496.0512
"349",3378240000,138708372326.4,10235721268.224
"350",3160512000,129768599992.32,9576027723.5712
"351",3902688000,160241871559.68,11824745004.7488
"352",2613600000,107312743296,7918940367.36
"353",6441984000,277272886247.424,9485651371.6224
"354",5625504000,242130332934.144,8283406126.6944
"355",5704992000,245551618547.712,8400450108.2112
"356",5566752000,239601556611.072,8196895357.7472
"357",4460832000,192001061117.952,6568457354.0352
"358",3957120000,199454296596.48,5490595805.184
"359",2625696000,132345329117.184,3643214116.1472
"360",969926400,48888077152.6656,1345795382.29248
"361",1016064000,51213592313.856,1409812372.6848
"362",1016467200,39432844820.2752,2532912659.98848
"363",583329600,22629697835.6736,1453586430.32064
"364",702345600,27246806443.9296,1750159829.97504
"365",255225600,9901226010.0096,635991159.76704
"366",60998400,2366372905.5744,152000595.39456
"367",1202169600,37445755742.208,3302034824.54016
"368",723513600,22536348899.328,1987296221.12256
"369",588643200,18335340942.336,1616843701.27872
"370",1366502400,42564472676.352,3753412590.55104
"371",916963200,28562009895.936,2518649963.55072
"372",501897600,19896987543.552,1108546448.85504
"373",415584000,16475212615.68,917904702.8736
"374",1076284800,42667717994.496,2377201431.12192
"375",587692800,26626527166.464,1830573742.6944
"376",1283904000,58169684459.52,3999165806.592
"377",4537512000,205580511682.56,14133660178.176
"378",2082024000,94330011525.12,6485188292.352
"379",1128960000,54346508697.6,3516538798.08
"380",2467584000,118785940439.04,7686149087.232
"381",1836604800,88411510361.088,5720744788.0704
"382",1120694400,53948614616.064,3490792710.4512
"383",1334793600,64255041801.216,4157679175.3728
"384",3558816000,120929137090.56,14108399327.232
"385",829699200,28193311567.872,3289219682.9184
"386",2259360000,76773414297.6,8956898334.72
"387",1983398400,67396194975.744,7862889413.8368
"388",5691168000,193386799226.88,22561793243.136
"389",7382592000,459913038520.32,68986955778.048
"390",2745792000,171054494392.32,25658174158.848
"391",5546880000,345553761484.8,51833064222.72
"392",6254496000,389636087132.16,58445413069.824
"393",7257600000,308268011520,20551200768
"394",1298805670.15726,55167030601.0637,3677802040.07092
"395",6491520000,275728610304,18381907353.6
"396",6391008000,271459343001.6,18097289533.44
"397",6620544000,318703454576.64,26246166847.488
"398",5681088000,273479395553.28,22521832574.976
"399",4787424000,230459697469.44,18979033909.248
"400",4184352000,201428679813.12,16588244219.904
"401",3208032000,154430040913.92,12717768075.264
"402",3335904000,160585614858.24,13224697694.208
"403",2966544000,126004549708.8,10080363976.704
"404",2.268e+09,96333753600,7706700288
"405",2603664000,110591149132.8,8847291930.624
"406",800150400,33986548270.08,2718923861.6064
"407",540604800,18369837600.768,2296229700.096
"408",3168288000,107658933166.08,13457366645.76
"409",7179840000,243972111974.4,30496513996.8
"410",6772032000,230114730885.12,21093850331.136
"411",5220288000,177386221486.08,16260403636.224
"412",4840992000,164497682718.72,15078954249.216
"413",4707072000,186604902973.44,11996029476.864
"414",4980096000,197428535377.92,12691834417.152
"415",4697568000,186228130959.36,11971808418.816
"416",3519936000,139542653214.72,8970599135.232
"417",2371680000,94021743513.6,6044254940.16
"418",1152403200,45685319307.264,2936913384.0384
"419",790387200,20814549726.4128,2461935989.1456
"420",0,0,0
"421",45273600,1192263233.1264,141020382.4128
"422",315360000,8304887024.64,982298465.28
"423",1427846400,37601798073.7536,4447524503.3472
"424",332380800,13176744892.416,1129435276.4928
"425",1616544000,64085494394.88,5493042376.704
"426",452476800,17937773070.336,1537523406.0288
"427",1353888000,61340441149.44,4600533086.208
"428",607305600,27515121942.528,2063634145.6896
"429",772070400,34980100964.352,2623507572.3264
"430",257325120,11658598332.8256,874394874.96192
"431",954694080,36766078601.3798,2973726945.69984
"432",199497600,7682821749.9648,621404700.3648
"433",741571200,28558535764.3776,2309881569.1776
"434",270086400,10401256297.2672,841278082.8672
"435",671500800,25860065240.6784,2091622923.8784
"436",573523200,20787637439.6928,1948841009.9712
"437",301190400,10916797847.9616,1023449798.2464
"438",590371200,21398301691.0848,2006090783.5392
"439",53714880,1946922897.89952,182524021.67808
"440",408758400,17709336687.5136,1388967583.3344
"441",332380800,14400299775.2832,1129435276.4928
"442",439171200,19026962245.3248,1492310764.3392
"443",197277120,8546972829.97248,670350810.19392
"444",527126400,25822901819.2896,2836041240.2688
"445",540138240,26460326669.9674,2906047437.74208
"446",519609600,25454668339.8144,2795599413.0432
"447",1085270400,53165295812.5056,5838963123.9168
"448",423360000,20739586775.04,2277758085.12
"449",275270400,13484963972.5056,1481007603.9168
"450",280627200,13747383233.7408,2066080717.2096
"451",941846400,46139231721.3696,6934219796.2752
"452",4108320000,201258643092.48,30246963701.76
"453",8778240000,430028982927.36,64628633272.32
"454",3868128000,189492102024.192,28478581807.104
"455",2166912000,78540817563.648,10431202332.672
"456",1051660800,38117975733.0432,5062543652.0448
"457",368582400,13359454853.5296,1774302597.7344
"458",0,0,0
"459",20908800,870343352.5248,76969140.0192
"460",0,0,0
"461",46915200,1952877852.9792,172703483.5968
"462",29661120,1234664764.13952,109188040.36608
"463",0,0,0
"464",0,0,0
"465",14774400,736320164.6592,50203647.5904
"466",0,0,0
"467",0,0,0
"468",358300800,13595549005.2096,1116052530.2784
"469",252374400,9576223449.2928,786107895.0912
"470",171244800,6497800368.5376,533401522.7904
"471",164419200,5121408162.816,558699072.3072
"472",152582400,4752709834.752,518477436.5184
"473",116726400,3635849935.872,396638174.8224
"474",131932800,4109506182.144,448309765.3248
"475",142300800,4432453622.784,483540395.2128
"476",470793600,12798113483.9808,1319805453.03552
"477",0,0,0
"478",0,0,0
"479",0,0,0
"480",0,0,0
"481",0,0,0
"482",0,0,0
"483",0,0,0
"484",0,0,0
"485",0,0,0
"486",0,0,0
"487",0,0,0
"488",0,0,0
"489",0,0,0
"490",0,0,0
"491",0,0,0
"492",0,0,0
"493",232018560,9263732655.32928,1511105326.75584
"494",307065600,12260112406.7328,1999876491.8784
"495",26904960,1074225943.57248,175228345.40544
"496",104976000,4191343999.488,683694411.264
"497",275961600,11018232703.1808,1797300370.0224
"498",83687040,3317648843.9808,497647326.59712
"499",157870080,6258525673.8816,938778851.08224
"500",83030400,3291617323.008,493742598.4512
"501",70338240,2788455424.2048,418268313.63072
"502",199324800,7901936695.296,1128848099.328
"503",85622400,3394373326.848,484910475.264
"504",56496960,2239738363.6992,319962623.3856
"505",168091200,6663726849.024,951960978.432
"506",74926080,2546000186.5728,487983369.09312
"507",124070400,4215932043.264,808053641.6256
"508",315878400,10733598572.544,2057273059.7376
"509",170017920,5777236124.4672,3033048965.34528
"510",110505600,3754997968.896,1971373933.6704
"511",11024640,437055536.3328,56192854.67136
"512",36063360,1429678533.4272,183815811.44064
"513",47088000,1866734069.76,240008666.112
"514",18748800,796359029.76,84944963.1744
"515",0,0,0
"516",0,0,0
"517",0,0,0
"518",0,0,0
"519",0,0,0
"520",37756800,1603727631.36,149681245.5936
"521",76299840,3240850963.968,302479423.30368
"522",0,0,0
"523",0,0,0
"524",0,0,0
"525",0,0,0
"526",156988800,5779046587.392,533450454.2208
"527",0,0,0
"528",0,0,0
"529",79747200,2484004064.256,135491130.7776
"530",28771200,896179147.776,48882498.9696
"531",0,0,0
"532",66873600,2272375627.776,340856344.1664
"533",30067200,1021688266.752,153253240.0128
"534",0,0,0
"535",0,0,0
"536",238636800,8784659699.712,1216337496.8832
"537",83808000,3085126686.72,427171387.392
"538",0,0,0
"539",0,0,0
"540",0,0,0
"541",0,0,0
"542",0,0,0
"543",0,0,0
"544",0,0,0
"545",47736000,3108980759.04,310898075.904
"546",58527360,3811807359.5904,381180735.95904
"547",381879360,24871283360.8704,2487128336.08704
"548",504748800,24297880393.728,3430288996.7616
"549",517017600,24888482758.656,3513668154.1632
"550",1248566400,60104188560.384,8485297208.5248
"551",1230336000,59226603356.16,8361402826.752
"552",796435200,38339243661.312,5412599105.1264
"553",676598400,21075011730.432,2490683204.5056
"554",510969600,15915926366.208,1880973116.0064
"555",2905977600,90516785154.048,10697438245.4784
"556",8026560000,250015143628.8,29547244247.04
"557",4985280000,155283894374.4,18351732971.52
"558",4053888000,241065585008.64,22958627143.68
"559",1083715200,64443427808.256,6137469315.072
"560",3.024e+09,179823006720,17126000640
"561",3064608000,182237772810.24,17355978362.88
"562",1839456000,109383766087.68,10417501532.16
"563",1422288000,64439431741.44,6443943174.144
"564",322704000,14620711403.52,1462071140.352
"565",552787200,25045063335.936,2504506333.5936
"566",253169280,11470310188.6464,1147031018.86464
"567",232545600,9218926144.512,921892614.4512
"568",265960800,10543622294.016,1054362229.4016
"569",255467520,10127631738.4704,1012763173.84704
"570",260755200,10337253986.304,1033725398.6304
"571",252374400,10719653114.88,929036603.2896
"572",321390720,13651135110.144,1183098376.21248
"573",371088000,15762037017.6,1366043208.192
"574",370224000,15725338444.8,1362862665.216
"575",370224000,15725338444.8,1016905219.4304
"576",373766400,15875802593.28,1026635234.36544
"577",464054400,19710803450.88,1274631956.49024
"578",268617600,11409586283.52,737819913.00096
"579",325296000,17501549368.32,1381701265.92
"580",439689600,23656144684.032,1867590369.792
"581",364262400,19598016503.808,1547211829.248
"582",107308800,5773419472.896,455796274.176
"583",236476800,9307810087.8336,602663962.5216
"584",11923200,469301348.9664,30386418.2784
"585",0,0,0
"586",0,0,0
"587",348105600,13701558949.1712,887151298.8672
"588",73008000,2873620578.816,186061764.096
"589",469065600,15938924138.496,1075877379.34848
"590",58406400,1984658817.024,133964470.14912
"591",0,0,0
"592",125596800,4267799359.488,288076456.76544
"593",0,0,0
"594",182908800,6733209480.192,984084462.4896
"595",766022400,28198694025.216,4121347588.3008
"596",1791590400,65951739150.336,9639100337.3568
"597",1423872000,52415348244.48,7660704743.424
"598",769996800,28344999002.112,4142730623.3856
"599",839462400,30902155554.816,5229595555.4304
"600",974937600,35889246941.184,6073564866.9696
"601",4066848000,149708157880.32,25335226718.208
"602",1711584000,63006556354.56,10662647998.464
"603",1219968000,51818384793.6,6218206175.232
"604",1273622400,54097366164.48,6491683939.7376
"605",2506464000,106462559692.8,12775507163.136
"606",2108160000,89544517632,10745342115.84
"607",1918425600,92350245851.136,6518840883.6096
"608",1187136000,57147017564.16,4033907122.176
"609",1210377600,58265834720.256,4112882450.8416
"610",2214432000,106599567697.92,7524675366.912
"611",1900800000,69971945472,7535440281.6
"612",1074816000,39565954621.44,4260948959.232
"613",811900800,29887562345.472,3218660560.2816
"614",357765120,13169992355.0208,1418306869.00224
"615",133125120,4900580617.4208,527754835.72224
"616",57058560,4039289579.52,210043058.13504
"617",0,0,0
"618",0,0,0
"619",10368000,733971456,38166515.712
"620",0,0,0
"621",80697600,4341685819.392,297062713.9584
"622",322876800,17371391763.456,1188568910.1312
"623",628810560,33831215444.2752,2314767372.50304
"624",192844800,10921495265.28,655289715.9168
"625",500256000,28331298201.6,1699877892.096
"626",140296320,7945485668.352,476729140.10112
"627",19077120,1080405983.232,64824358.99392
"628",192939840,9834189950.3616,437075108.90496
"629",478310400,24379595882.496,1083537594.7776
"630",188092800,9587135158.272,426094895.9232
"631",501638400,25568629641.216,1136383539.6096
"632",304473600,14656920662.016,612141980.59008
"633",435801600,20978861469.696,876175979.02848
"634",402278400,19365102895.104,808777826.79552
"635",267338880,12869308715.2128,537482893.400064
"636",503884800,27109969698.816,1997576714.6496
"637",2861568000,153957852610.56,11344262823.936
"638",831427200,44732379700.224,3296070083.1744
"639",1290988800,69457676138.496,5117934031.2576
"640",1325376000,71307773521.92,5254256996.352
"641",1425600000,60552645120,5651580211.2
"642",1459296000,61983889459.2,5785163016.192
"643",2401920000,102022032384,9522056355.84
"644",2487456000,105655191091.2,9861151168.512
"645",3413664000,183661677434.88,5413186282.2912
"646",4030560000,216851866675.2,6391423438.848
"647",2189376000,117792632401.92,3471782849.7408
"648",1999296000,107565963448.32,3170365238.4768
"649",1968192000,122612378296.32,5517557023.3344
"650",1982016000,123473571471.36,5556310716.2112
"651",2077056000,129394274549.76,5822742354.7392
"652",1992384000,124119466352.64,5585375985.8688
"653",3636576000,216250010081.28,15446429291.52
"654",3568320000,212191147929.6,15156510566.4
"655",3487968000,207412993751.04,14815213839.36
"656",1920672000,114213298268.16,8158092733.44
"657",1148256000,68281364551.68,3901792260.096
"658",962841600,57255645339.648,3271751162.2656
"659",772156800,45916520315.904,2623801160.9088
"660",2429568000,144474941399.04,8255710937.088
"661",2065824000,122844802590.72,7019703005.184
"662",886377600,45178879002.624,2760931494.6048
"663",1337472000,68171268833.28,4166021984.256
"664",410486400,20922590324.736,1278602742.0672
"665",607737600,30976531329.024,1893010247.8848
"666",192214080,9797197788.9792,424545237.522432
"667",346723200,17672564717.568,765811137.76128
"668",64281600,3276448579.584,141979438.44864
"669",0,0,0
"670",298408320,10139962458.9312,844996871.5776
"671",333936000,11347198709.76,945599892.48
"672",343267200,11664274378.752,972022864.896
"673",260936640,8866668777.0624,738889064.7552
"674",308534400,14852401726.464,733883379.42528
"675",156988800,7557214768.128,373415317.95456
"676",304560000,14661079833.6,724429827.072
"677",199644480,9610597779.1488,474876596.146176
"678",0,0,0
"679",80697600,3884666259.456,191948215.17312
"680",121080960,5828663057.8176,171431266.4064
"681",0,0,0
"682",222678720,10719432923.4432,315277438.9248
"683",237375360,11426908009.8816,336085529.7024
"684",189025920,9099435591.4752,267630458.5728
"685",216319680,10413317894.8608,318525017.960448
"686",177552000,8547097605.12,261440632.6272
"687",171106560,8236823404.9536,251949892.386816
"688",166553280,8017635062.4768,245245307.793408
"689",181094400,8717623640.064,266656723.10784
"690",0,0,0
"691",280454400,10324042500.096,436786413.4656
"692",183945600,6771375995.904,286481292.1344
"693",0,0,0
"694",0,0,0
"695",0,0,0
"696",0,0,0
"697",0,0,0
"698",77414400,3945830547.456,416504335.5648
"699",0,0,0
"700",0,0,0
"701",0,0,0
"702",0,0,0
"703",1296000,69727288.32,6238757.376
"704",585532800,31502788862.976,2818670582.4768
"705",1298805670.15726,69878238761.3474,6252263468.12056
"706",748483200,40269833247.744,3603090343.2192
"707",963360000,51830617651.2,7092610836.48
"708",442713600,23818841690.112,3259420441.8048
"709",293155200,15772312617.984,2158316463.5136
"710",807235200,43430803651.584,5943162604.9536
"711",1281312000,68937045719.04,9433490466.816
"712",1600992000,99736934584.32,7253595242.496
"713",1043712000,65020084715.52,4728733433.856
"714",1502496000,93600933212.16,6807340597.248
"715",1601856000,99790759157.76,7257509756.928
"716",490320000,30545445427.2,1527272271.36
"717",639792000,39857096632.32,1992854831.616
"718",267330240,16653861268.0704,832693063.40352
"719",525571200,32741488023.552,1637074401.1776
"720",1308787200,66709197692.928,3150156557.7216
"721",2121120000,108113995468.8,5105383119.36
"722",2415744000,123131051458.56,5814521874.432
"723",1238976000,70167671193.6,2490952327.3728
"724",393206400,22268693975.04,790538636.11392
"725",165931200,9397281208.32,333603482.89536
"726",112838400,6390444810.24,226860790.76352
"727",17686080,851382423.2448,43069934.352384
"728",56540160,2721761884.5696,137689130.631168
"729",339379200,16337225981.952,826471432.02816
"730",268194240,12910484513.8944,653118628.349952
"731",276652800,13317667411.968,673717292.60544
"732",270285120,15307219372.032,704132091.113472
"733",310236480,17569808713.728,808211200.831488
"734",303868800,17209184071.68,791622467.29728
"735",259027200,14669642833.92,674803570.36032
"736",237686400,13461036503.04,376909022.08512
"737",282787200,16015257169.92,448427200.75776
"738",401673600,22748221992.96,636950215.80288
"739",265049280,15010694903.808,420299457.306624
"740",105192000,5957401651.2,223402561.92
"741",460399680,26074091317.248,977778424.3968
"742",303782400,17204290928.64,645160909.824
"743",117650880,6662992877.568,249862232.9088
"744",0,0,0
"745",0,0,0
"746",0,0,0
"747",571536000,24276105907.2,1262357507.1744
"748",164678400,8393697570.816,415021713.22368
"749",0,0,0
"750",293760000,14973017702.4,740332541.952
"751",619107840,31556075190.6816,1560272606.65037
"752",376790400,19205097117.696,1280339807.8464
"753",137548800,7010895347.712,467393023.1808
"754",417916800,21301319596.032,1420087973.0688
"755",318211200,16219301234.688,1081286748.9792
"756",703270080,35845844762.4192,2389722984.16128
"757",384480000,17419589222.4,577023892.992
"758",283478400,12843521851.392,425441661.32736
"759",640569600,29022209998.848,961360706.21184
"760",846115200,38334839832.576,1269841569.45408
"761",635990400,28814740733.952,954488286.81216
"762",678931200,34605286207.488,1538012720.3328
"763",577756800,29448402757.632,1308817900.3392
"764",1002672000,51106432481.28,2271396999.168
"765",3523392000,179588135854.08,7981694926.848
"766",2249856000,140159189237.76,7645046685.696
"767",2736288000,170462424084.48,9297950404.608
"768",2179872000,135799398789.12,7407239933.952
"769",2783808000,173422775623.68,9459424124.928
"770",2466720000,188593965619.2,9080450196.48
"771",4664736000,356644070184.96,17171751527.424
"772",3983904000,304590814525.44,14665483662.336
"773",2115072000,161708591185.92,7785969205.248
"774",1573344000,98014548234.24,1871186829.9264
"775",1186876800,73938816534.528,1411559224.75008
"776",564624000,35174358743.04,671510485.0944
"777",436060800,27165262215.168,518609551.38048
"778",362577600,19507371028.992,872698177.6128
"779",401500800,21601513921.536,966383517.5424
"780",463536000,24939126789.12,1115697777.408
"781",466568640,25102288643.7888,1122997123.53792
"782",648864000,34910129018.88,1561768929.792
"783",270604800,16857856401.408,536386340.0448
"784",527299200,32849137170.432,1045199819.0592
"785",595814400,37117425844.224,1181009004.1344
"786",303955200,18935484936.192,602492702.5152
"787",347587200,21653625894.912,688979005.7472
"788",610646400,32853948761.088,674370527.20128
"789",801360000,43114706611.2,884986083.072
"790",829958400,44653355440.128,916568874.82368
"791",381084480,20503076706.2016,420852627.127296
"792",752803200,36238862011.392,959263994.4192
"793",498484800,23996340453.888,635197247.3088
"794",253411200,12198850255.872,322910742.0672
"795",392688000,18903434849.28,500385040.128
"796",499478400,24044170927.104,636463348.0704
"797",444882240,20156226261.8112,844041974.713344
"798",283867200,12861137166.336,538560118.84032
"799",722304000,32725340651.52,1370373639.7824
"800",454204800,20578602369.024,861728974.20288
"801",624758400,35382317322.24,1079160678.32832
"802",808099200,45765566853.12,1395849789.02016
"803",837129600,47409662914.56,1445994718.89408
"804",1065415680,60338325454.848,1840318926.37286
"805",1201996800,57862395076.608,2586789426.95424
"806",2413152000,116165662341.12,5193288434.0736
"807",2440368000,117475801390.08,5251859356.2624
"808",2679264000,128975910819.84,5765981895.4752
"809",3643488000,226978226196.48,11348911309.824
"810",5824224000,362831449559.04,18141572477.952
"811",5900256000,367568012021.76,18378400601.088
"812",6664032000,415148934942.72,20757446747.136
"813",6504192000,405191388856.32,20259569442.816
"814",6469632000,403038405918.72,12457550728.3968
"815",6435072000,400885422981.12,12391003983.0528
"816",6652800000,414449215488,12810248478.72
"817",6663168000,415095110369.28,12830212502.3232
"818",5363712000,243013055938.56,16707147595.776
"819",4901472000,222070403727.36,15267340256.256
"820",3271968000,148242661539.84,10191682980.864
"821",4709664000,213380181688.32,14669887491.072
"822",5341248000,302494102732.8,9377317184.7168
"823",3349728000,189707155660.8,5880921825.4848
"824",1695168000,96003466444.8,2976107459.7888
"825",1138665600,64486732124.16,1999088695.84896
"826",413251200,14042341896.192,1755292737.024
"827",352080000,11963734732.8,1495466841.6
"828",645235200,21925195333.632,2740649416.704
"829",388851840,13213247739.4944,1651655967.4368
"830",315273600,16069571057.664,607072684.40064
"831",580262400,29576113790.976,1117319854.32576
"832",496368000,25299996088.32,955777630.0032
"833",230878080,11767911148.3392,444565532.270592
"834",470707200,23992058953.728,906366671.58528
"835",546912000,32522275215.36,1238943817.728
"836",263692800,15680566185.984,597354902.3232
"837",364003200,21645552208.896,824592465.1008
"838",505526400,30061268923.392,1145191197.0816
"839",387002880,20821497989.5296,657520989.14304
"840",705369600,37950238789.632,1198428593.3568
"841",930441600,50059544527.872,1580827721.9328
"842",591071040,31800756808.3968,1004234425.52832
"843",579312000,32808524083.2,1164702604.9536
"844",692314560,39208265865.216,1391893438.21517
"845",518918400,29388217098.24,1043281706.98752
"846",447526080,25345013004.288,899747961.652224
"847",964224000,54607476326.4,1938565409.5872
"848",817862400,37054793613.312,926369840.3328
"849",444787200,20151920295.936,503798007.3984
"850",441763200,20014912290.816,500372807.2704
"851",462525120,20955570108.8256,523889252.72064
"852",294192000,12495864038.4,999669123.072
"853",430444800,18283228968.96,1462658317.5168
"854",459648000,19523640729.6,1561891258.368
"855",375494400,15949199738.88,1275935979.1104
"856",243907200,6285070974.8736,580160397.68064
"857",332899200,8578242460.5696,791837765.59104
"858",214790400,5534780886.8352,510902851.09248
"859",832464000,21451172101.632,1980108193.9968
"860",646444800,16657775782.5024,1537640841.46176
"861",481524480,16362278874.3168,2045284859.2896
"862",427334400,14520891285.504,1815111410.688
"863",1150848000,39105999175.68,4888249896.96
"864",1277856000,43421751336.96,5427718917.12
"865",954979200,32450346012.672,4056293251.584
"866",1364256000,50220773591.04,6181018288.128
"867",1502496000,55309642352.64,6807340597.248
"868",1745280000,64246968115.2,7907319152.64
"869",728092800,26802435658.752,3298761311.8464
"870",900028800,35680309733.376,4077749683.8144
"871",1516320000,60112262246.4,6869972828.16
"872",1370304000,54323674030.08,6208419889.152
"873",1503360000,59598482227.2,6811255111.68
"874",2896992000,131253668904.96,11484696029.184
"875",1562976000,70813566074.88,6196187031.552
"876",508723200,23048660975.616,2016757835.3664
"877",832550400,37720261066.752,3300522843.3408
"878",581212800,26332938584.064,2304132126.1056
"879",563673600,23942148894.72,1915371911.5776
"880",455241600,19336478008.32,1546918240.6656
"881",693576000,29459779315.2,2356782345.216
"882",704419200,29920346403.84,2393627712.3072
"883",774316800,26311408754.688,1469053655.47008
"884",851040000,28918475366.4,1614614874.624
"885",822960000,27964312473.6,1561340779.776
"886",768441600,26111768518.656,1457907075.62496
"887",888451200,35221332916.224,1635276171.1104
"888",802569600,31816683988.992,1477203185.2032
"889",853200000,33823851264,1570393094.4
"890",780451200,30939832756.224,1436492235.1104
"891",839289600,28519194894.336,1212065783.00928
"892",846374400,28759937531.904,1222297345.10592
"893",859420800,29203256291.328,1241138392.38144
"894",884131200,30042919636.992,1276824084.57216
"895",981504000,25013747220.48,1556410938.1632
"896",1101859200,28081013935.104,1747263089.29536
"897",1401494400,35717252963.328,2222406851.05152
"898",1416096000,36089376491.52,2245561203.9168
"899",1367539200,34851900616.704,2168562705.03936
"900",1368576000,38753692876.8,2286467879.7312
"901",1162080000,32906386944,1941476829.696
"902",1082246400,30645754859.52,1808099536.71168
"903",1356480000,38411172864,2266259198.976
"904",1015977600,40276928305.152,4027692830.5152
"905",1229472000,48740597821.44,4874059782.144
"906",1079740800,42804725999.616,4280472599.9616
"907",1095724800,43438388023.296,4343838802.3296
"908",900633600,35704286134.272,3060367382.9376
"909",517190400,20503247966.208,1757421254.2464
"910",677808000,26870695004.16,2303202428.928
"911",1162598400,46089492922.368,3950527964.7744
"912",196128000,7775204290.56,666446082.048
"913",470880000,13333814784,1600057774.08
"914",555828480,15739283902.464,1888714068.29568
"915",347587200,9842557224.96,1181106866.9952
"916",831600000,23548250880,2825790105.6
"917",1073779200,36487189020.672,4560898627.584
"918",926208000,31472696033.28,3934087004.16
"919",451785600,15351746973.696,1918968371.712
"920",1483833600,50420903141.376,6302612892.672
"921",1917216000,65147306434.56,8143413304.32
"922",2052864000,63943593246.72,5754923392.2048
"923",1391904000,43355693905.92,3902012451.5328
"924",1504224000,46854291179.52,4216886206.1568
"925",2676672000,83374264258.56,7503683783.2704
"926",1370304000,58203936460.8,4268288673.792
"927",693360000,29450604672,2159711009.28
"928",285897600,12143557739.52,890527567.5648
"929",50664960,2152004308.992,157813649.32608
"930",461894400,18311119884.288,1569524561.5104
"931",450213120,17848032826.9824,1529831385.16992
"932",348494400,13815544716.288,1184189547.1104
"933",422841600,16762929426.432,1436822522.2656
"934",552355200,21897304418.304,1876911807.2832
"935",440035200,13706427626.496,1495246650.1632
"936",990835200,30863010410.496,3366873862.9632
"937",833155200,25951518084.096,2831074700.0832
"938",889315200,27700816720.896,3021907278.6432
"939",854928000,31471472747.52,2178794267.136
"940",832809600,30657253745.664,2122425259.3152
"941",834019200,30701781347.328,2125507939.4304
"942",1932249600,71129663115.264,4924361292.5952
"943",2191104000,86863075246.08,6824955912.192
"944",6807456000,269871518085.12,21204190706.688
"945",5222016000,207019095736.32,16265786093.568
"946",4744224000,188077739028.48,14777536637.952
"947",4777920000,189413567078.4,14882494556.16
"948",4103136000,81331377039.36,6855073207.6032
"949",2852064000,56532928112.64,4764918226.6368
"950",2522016000,49990795868.16,4213509937.4592
"951",1793664000,35553577328.64,2996658660.5568
"952",1827360000,56919486412.8,6726848394.24
"953",1693440000,52748081971.2,6233864232.96
"954",1718496000,53528538286.08,6326099979.264
"955",1696896000,52855731118.08,6246586404.864
"956",1401408000,43651729059.84,7936678010.88
"957",1.404e+09,43732465920,7951357440
"958",1322784000,41202710968.32,7491401994.24
"959",1.404e+09,43732465920,7951357440
"960",2308608000,71909630115.84,13074478202.88
"961",2816640000,111661524172.8,10368570101.76
"962",2660256000,105461911941.12,9792891823.104
"963",5770656000,228769116549.12,21242846536.704
"964",4772736000,189208055070.72,17569319399.424
"965",3829248000,151804869672.96,11927525474.304
"966",3356640000,133069024972.8,10455423390.72
"967",2040768000,80903227023.36,6356682123.264
"968",2049408000,81245747036.16,6383594409.984
"969",1843776000,73093770731.52,5743081986.048
"970",1874880000,74326842777.6,7963590297.6
"971",1807488000,71655186677.76,7677341429.76
"972",1871424000,74189834772.48,7948910868.48
"973",1670976000,66243370475.52,7097503979.52
"974",1227744000,34765781299.2,4171893755.904
"975",2545344000,72075996979.2,8649119637.504
"976",2223936000,62974750924.8,7556970110.976
"977",2896128000,82009077350.4,9841089282.048
"978",3306528000,93630292070.4,11235635048.448
"979",4370112000,148497104977.92,10271049760.9728
"980",4083264000,138749964042.24,9596872512.9216
"981",2966976000,100818319196.16,6973267077.7344
"982",1848096000,62798597775.36,4343569679.4624
"983",1659744000,56398366679.04,3195907445.1456
"984",995673600,33833148235.776,1917211733.36064
"985",299894400,10190459695.104,577459382.72256
"986",403056000,13695907368.96,776101417.5744
"987",354672000,11047493698.56,863713143.7056
"988",391651200,12199339570.176,953766548.21376
"989",389923200,12145514996.736,949558445.19936
"990",392342400,12220869399.552,955449789.41952
"991",366422400,11413500797.952,892328244.20352
"992",357350400,9613068816.384,809521584.5376
"993",328924800,8848392887.808,745127822.1312
"994",341755200,9193542964.992,774193091.7888
"995",311679360,8384473996.1856,706060968.09984
"996",464572800,11576589255.4752,736692043.53024
"997",402364800,10026441540.4032,638046279.84384
"998",388713600,9686270236.2624,616399015.03488
"999",381888000,9516184584.192,605575382.6304
"1000",460857600,14355013736.448,1148401098.91584
"1001",424656000,13227388922.88,1058191113.8304
"1002",406598400,12664922130.432,1013193770.43456
"1003",396057600,12336592232.448,986927378.59584
"1004",369014400,11494237658.112,919539012.64896
"1005",430704000,13415774929.92,1024477358.2848
"1006",291772800,9088279225.344,694014049.93536
"1007",168963840,5262966790.9632,401899282.219008
"1008",212034240,6604544283.9552,504347018.047488
"1009",269222400,8385868541.952,640375415.93088
"1010",162527040,5062470254.8992,386588637.646848
"1011",163010880,8308703676.2112,784710902.75328
"1012",198028800,10093575462.912,953282127.0528
"1013",215421120,10980066187.4688,1037006251.03872
"1014",804314880,40996122469.1712,3871856010.97728
"1015",3117312000,158890140794.88,15006291075.072
"1016",2439072000,110506742415.36,19338679922.688
"1017",1073520000,48637841817.6,8511622318.08
"1018",929836800,42128004317.184,7372400755.5072
"1019",430358400,20716833659.904,3046593185.28
"1020",881280000,42423550156.8,6238757376
"1021",1146528000,55192206919.68,8116501017.6
"1022",1113782400,37846504157.184,5361588088.9344
"1023",1309478400,44496285548.544,6303640452.7104
"1024",913334400,31035249045.504,4396660281.4464
"1025",665107200,22600449073.152,3201730285.3632
"1026",1609804800,59259876728.832,8205213700.9152
"1027",2051136000,75506090250.24,10454689419.264
"1028",8853408000,325910238750.72,45126033057.792
"1029",7943616000,292419121213.44,40488801398.784
"1030",5910624000,217580944988.16,30126592382.976
"1031",7117632000,262013130362.88,36278741127.168
"1032",7758720000,395463820492.8,21970212249.6
"1033",5612544000,286072714690.56,15892928593.92
"1034",4943808000,251987080273.92,13999282237.44
"1035",6618240000,337333281177.6,18740737843.2
"1036",4929984000,251282467676.16,13960137093.12
"1037",4315680000,109985622681.6,10631943525.888
"1038",4076352000,103886319882.24,10042344255.2832
"1039",3910464000,99658644295.68,9633668948.5824
"1040",2904768000,74028361052.16,7156074901.7088
"1041",2840832000,96531925893.12,9653192589.312
"1042",1820448000,61859114311.68,6185911431.168
"1043",1696032000,57631438725.12,5763143872.512
"1044",943056000,32045193768.96,3204519376.896
"1045",441072000,14987697131.52,1498769713.152
"1046",354672000,12051811307.52,1205181130.752
"1047",366992640,12470468626.0224,1247046862.60224
"1048",389525760,13236147648.9216,1323614764.89216
"1049",392454720,11113061815.296,1444698035.98848
"1050",385352640,10911953636.352,1418553972.72576
"1051",383598720,10862288234.496,1412097470.48448
"1052",356529600,10095777377.28,1312451059.0464
"1053",387529920,10424926876.7232,910809400.808448
"1054",375822720,10109991957.8112,883294034.208768
"1055",338636160,9109637794.7136,795894670.485504
"1056",377775360,10162519848.3456,887883313.065984
"1057",373178880,9510508538.2656,908781926.989824
"1058",376392960,9592419752.7552,916608998.596608
"1059",419385600,10688092342.272,1021306601.59488
"1060",508619520,12962229501.5424,1238613041.2585
"1061",480556800,10886264635.392,1020587309.568
"1062",436674240,9892173695.3856,927391283.9424
"1063",1026475200,23253194354.688,2179986970.752
"1064",1654560000,37481475686.4,3513888345.6
"1065",1519776000,34428154429.44,3227639477.76
"1066",3627072000,154060608614.4,18487273033.728
"1067",3951936000,167859271987.2,20143112638.464
"1068",3515616000,149326492723.2,17919179126.784
"1069",2134080000,90645474816,10877456977.92
"1070",2017440000,137105867980.8,14281861248
"1071",2540160000,172630086451.2,17982300672
"1072",3103488000,210914037596.16,21970212249.6
"1073",2218752000,150787095920.64,15706989158.4
"1074",2046816000,92734846894.08,8693891896.32
"1075",1666656000,75510983393.28,7079154693.12
"1076",1843776000,83535737978.88,7831475435.52
"1077",1873152000,84866672885.76,7956250583.04
"1078",2629152000,119118674165.76,11167375703.04
"1079",2639520000,112114139904,10463986391.04
"1080",1574208000,66864799641.6,6240714633.216
"1081",1664928000,70718149785.6,6600360646.656
"1082",1740096000,73910925619.2,6898353057.792
"1083",1650240000,65421322444.8,5607541923.84
