"","","values"
"1","2041-01-01","21.0212971535008"
"2","2041-01-08","19.7519676201307"
"3","2041-01-15","16.2771088230545"
"4","2041-01-22","19.2831088291098"
"5","2041-01-29","19.8617799903553"
"6","2041-02-05","19.0102948682732"
"7","2041-02-12","17.2089079036291"
"8","2041-02-19","21.6099021220731"
"9","2041-02-26","20.2105985550625"
"10","2041-03-05","21.0790931378296"
"11","2041-03-12","19.614735902946"
"12","2041-03-19","22.2210939562334"
"13","2041-03-26","23.5039766171235"
"14","2041-04-02","20.0158060925589"
"15","2041-04-09","21.6039690581911"
"16","2041-04-16","21.9618286421737"
"17","2041-04-23","22.2565741599283"
"18","2041-04-30","22.7509440614657"
"19","2041-05-07","24.2322295435666"
"20","2041-05-14","24.7499541980311"
"21","2041-05-21","24.2312762654842"
"22","2041-05-28","25.0782649619224"
"23","2041-06-04","25.622715568361"
"24","2041-06-11","27.4557404995405"
"25","2041-06-18","26.5381672180353"
"26","2041-06-25","27.2403018932794"
"27","2041-07-02","27.387129681784"
"28","2041-07-09","27.402120567728"
"29","2041-07-16","27.1263493164828"
"30","2041-07-23","27.3590303820671"
"31","2041-07-30","28.0710932637093"
"32","2041-08-06","27.8465917945504"
"33","2041-08-13","28.6502892319837"
"34","2041-08-20","27.0152694560699"
"35","2041-08-27","27.3334694232842"
"36","2041-09-03","27.5842874165216"
"37","2041-09-10","28.6852328666991"
"38","2041-09-17","26.7941638300449"
"39","2041-09-24","26.6847922529172"
"40","2041-10-01","27.3343678122644"
"41","2041-10-08","24.5244193575079"
"42","2041-10-15","25.1548722257323"
"43","2041-10-22","25.5121414718191"
"44","2041-10-29","23.2904580092565"
"45","2041-11-05","19.8975872882923"
"46","2041-11-12","22.5487897381421"
"47","2041-11-19","21.6483328950619"
"48","2041-11-26","23.3222841669996"
"49","2041-12-03","24.8185050858493"
"50","2041-12-10","23.2482432487677"
"51","2041-12-17","21.3790290363068"
"52","2041-12-24","20.0171503154718"
"53","2041-12-31","20.4233492755905"
"54","2042-01-07","18.5919491738572"
"55","2042-01-14","18.984857129924"
"56","2042-01-21","21.2341374888897"
"57","2042-01-28","18.0002429710061"
"58","2042-02-04","18.5237841900335"
"59","2042-02-11","19.001500849958"
"60","2042-02-18","21.5262320870413"
"61","2042-02-25","16.4637328909904"
"62","2042-03-04","18.4610621888217"
"63","2042-03-11","19.9500461475637"
"64","2042-03-18","20.5875769095178"
"65","2042-03-25","20.9891142165929"
"66","2042-04-01","21.9845101634585"
"67","2042-04-08","23.2584212565903"
"68","2042-04-15","22.4055499046293"
"69","2042-04-22","22.6492552783785"
"70","2042-04-29","22.5012753788189"
"71","2042-05-06","23.2442212217935"
"72","2042-05-13","23.8890544747223"
"73","2042-05-20","23.5979450799473"
"74","2042-05-27","24.5614420569954"
"75","2042-06-03","24.4377466645442"
"76","2042-06-10","25.3343080616411"
"77","2042-06-17","27.358642237701"
"78","2042-06-24","27.3774854424764"
"79","2042-07-01","27.2941593044731"
"80","2042-07-08","28.0880864817007"
"81","2042-07-15","27.0965680578461"
"82","2042-07-22","27.6149513815379"
"83","2042-07-29","28.1590597712267"
"84","2042-08-05","28.1747944605158"
"85","2042-08-12","28.7307516150894"
"86","2042-08-19","29.4083508616146"
"87","2042-08-26","27.8454620872106"
"88","2042-09-02","27.6688110331032"
"89","2042-09-09","27.8510803788939"
"90","2042-09-16","27.8383001795489"
"91","2042-09-23","27.2054215490595"
"92","2042-09-30","26.9760651948132"
"93","2042-10-07","26.8312755843004"
"94","2042-10-14","26.2965470700798"
"95","2042-10-21","24.5385908275678"
"96","2042-10-28","24.6901446797973"
"97","2042-11-04","25.132586690114"
"98","2042-11-11","24.391562525812"
"99","2042-11-18","24.1892788210329"
"100","2042-11-25","21.9990652971415"
"101","2042-12-02","18.4684190088057"
"102","2042-12-09","20.2639132362552"
"103","2042-12-16","16.7694668709656"
"104","2042-12-23","16.6695294983153"
"105","2042-12-30","20.8437790756145"
"106","2043-01-06","17.6909658434695"
"107","2043-01-13","18.7459478315096"
"108","2043-01-20","20.5738669559913"
"109","2043-01-27","20.0461317614754"
"110","2043-02-03","20.8885652225173"
"111","2043-02-10","17.6159531640901"
"112","2043-02-17","19.2188437720124"
"113","2043-02-24","20.3721870313373"
"114","2043-03-03","17.9258547951883"
"115","2043-03-10","18.4318852704028"
"116","2043-03-17","19.988066932564"
"117","2043-03-24","18.854262513372"
"118","2043-03-31","20.5797115251983"
"119","2043-04-07","20.2484171465331"
"120","2043-04-14","22.0929659887268"
"121","2043-04-21","24.1138550334793"
"122","2043-04-28","23.6287496282766"
"123","2043-05-05","23.8563416899495"
"124","2043-05-12","24.5872780213826"
"125","2043-05-19","24.6709990248665"
"126","2043-05-26","25.1090123807778"
"127","2043-06-02","24.7816145682816"
"128","2043-06-09","26.1436798000457"
"129","2043-06-16","27.4809228355362"
"130","2043-06-23","27.8278253224996"
"131","2043-06-30","28.3090694473848"
"132","2043-07-07","26.7940624532336"
"133","2043-07-14","27.1259678932313"
"134","2043-07-21","27.1274386971353"
"135","2043-07-28","27.1622025420361"
"136","2043-08-04","27.7916349210324"
"137","2043-08-11","28.3393223042269"
"138","2043-08-18","28.3577947275155"
"139","2043-08-25","27.6926513865575"
"140","2043-09-01","28.5094505166492"
"141","2043-09-08","27.8557028254359"
"142","2043-09-15","27.8242144036997"
"143","2043-09-22","28.1424272530502"
"144","2043-09-29","26.5489366839396"
"145","2043-10-06","26.1141556240411"
"146","2043-10-13","22.4061727279123"
"147","2043-10-20","24.9627973338844"
"148","2043-10-27","25.4932898656505"
"149","2043-11-03","25.157065549452"
"150","2043-11-10","21.8570587881514"
"151","2043-11-17","24.4139673612138"
"152","2043-11-24","22.8833388165353"
"153","2043-12-01","20.6031234075991"
"154","2043-12-08","20.1170031140971"
"155","2043-12-15","23.3510197322287"
"156","2043-12-22","17.6936873347754"
"157","2043-12-29","21.1236115603355"
"158","2044-01-05","19.4051541879353"
"159","2044-01-12","21.8093752807783"
"160","2044-01-19","19.4777881528516"
"161","2044-01-26","21.9443022157602"
"162","2044-02-02","16.7932439339244"
"163","2044-02-09","18.6792654135404"
"164","2044-02-16","18.8692898053532"
"165","2044-02-23","19.6359707043207"
"166","2044-03-01","19.2747388011051"
"167","2044-03-08","17.856409999133"
"168","2044-03-15","21.0962527034065"
"169","2044-03-22","22.5406006201377"
"170","2044-03-29","20.2510787079007"
"171","2044-04-05","19.8353906542022"
"172","2044-04-12","22.6623132837922"
"173","2044-04-19","22.5839988568828"
"174","2044-04-26","22.9131833656675"
"175","2044-05-03","23.8522311683002"
"176","2044-05-10","24.2945437971616"
"177","2044-05-17","24.0593372727796"
"178","2044-05-24","24.9822504798065"
"179","2044-05-31","25.3149372493724"
"180","2044-06-07","25.9327331386855"
"181","2044-06-14","27.5992575790291"
"182","2044-06-21","26.6301075845391"
"183","2044-06-28","27.1412825128602"
"184","2044-07-05","28.7975701356286"
"185","2044-07-12","28.8122742540177"
"186","2044-07-19","28.0582536945189"
"187","2044-07-26","27.4767299802335"
"188","2044-08-02","28.9826640298152"
"189","2044-08-09","29.2669593346072"
"190","2044-08-16","28.0427508836823"
"191","2044-08-23","28.5356230968575"
"192","2044-08-30","27.4444367050282"
"193","2044-09-06","27.8689070150914"
"194","2044-09-13","27.4166247329589"
"195","2044-09-20","25.9980175648252"
"196","2044-09-27","27.0511490059885"
"197","2044-10-04","25.7822148981919"
"198","2044-10-11","25.5410411442621"
"199","2044-10-18","25.8545217688661"
"200","2044-10-25","24.4591466933186"
"201","2044-11-01","25.605636096066"
"202","2044-11-08","23.9662414346635"
"203","2044-11-15","24.830003792684"
"204","2044-11-22","21.7992829671664"
"205","2044-11-29","16.589720743601"
"206","2044-12-06","22.867824803841"
"207","2044-12-13","17.5609273991478"
"208","2044-12-20","17.6888526130317"
"209","2044-12-27","20.2527405034769"
"210","2045-01-03","18.2789379070869"
"211","2045-01-10","20.3542343742418"
"212","2045-01-17","18.7116690270432"
"213","2045-01-24","17.7933648243291"
"214","2045-01-31","19.6381718693407"
"215","2045-02-07","18.3170471867624"
"216","2045-02-14","17.3814114699571"
"217","2045-02-21","18.2360017469682"
"218","2045-02-28","18.8717161277111"
"219","2045-03-07","20.6972856625595"
"220","2045-03-14","17.304313564784"
"221","2045-03-21","20.5717912517765"
"222","2045-03-28","21.2922717693182"
"223","2045-04-04","22.4760269518632"
"224","2045-04-11","20.2158925529681"
"225","2045-04-18","22.7196791167888"
"226","2045-04-25","22.7865105194642"
"227","2045-05-02","22.9830370295256"
"228","2045-05-09","24.6547731341212"
"229","2045-05-16","25.1587855946877"
"230","2045-05-23","25.6734891081553"
"231","2045-05-30","27.5313418365372"
"232","2045-06-06","25.7786303037573"
"233","2045-06-13","26.7200747438253"
"234","2045-06-20","26.4599524876586"
"235","2045-06-27","26.7830431859045"
"236","2045-07-04","28.967903342045"
"237","2045-07-11","28.9591569316247"
"238","2045-07-18","28.0860981519752"
"239","2045-07-25","27.3243667937919"
"240","2045-08-01","28.8094592272008"
"241","2045-08-08","28.2251949784517"
"242","2045-08-15","27.994740282067"
"243","2045-08-22","27.7123156874956"
"244","2045-08-29","27.8987834895178"
"245","2045-09-05","28.6094338169156"
"246","2045-09-12","28.7431520714615"
"247","2045-09-19","26.4864415203443"
"248","2045-09-26","25.5052842546843"
"249","2045-10-03","25.7375049239209"
"250","2045-10-10","25.2547110220356"
"251","2045-10-17","25.907690265817"
"252","2045-10-24","24.4661422533949"
"253","2045-10-31","22.3208162532176"
"254","2045-11-07","23.482455608287"
"255","2045-11-14","23.7433222278917"
"256","2045-11-21","21.5591773103595"
"257","2045-11-28","21.1897809332263"
"258","2045-12-05","20.9023026205949"
"259","2045-12-12","18.9399354405442"
"260","2045-12-19","20.7951333286729"
"261","2045-12-26","19.6031867877521"
"262","2046-01-02","22.688811277964"
"263","2046-01-09","19.3017588018415"
"264","2046-01-16","20.7352616401295"
"265","2046-01-23","20.6526938678863"
"266","2046-01-30","20.7531146006923"
"267","2046-02-06","17.6581992897802"
"268","2046-02-13","18.6780332092035"
"269","2046-02-20","19.2408923883424"
"270","2046-02-27","20.6019942603522"
"271","2046-03-06","17.167209548776"
"272","2046-03-13","20.8013610014102"
"273","2046-03-20","23.3384355653918"
"274","2046-03-27","20.8557768252057"
"275","2046-04-03","21.2546088836684"
"276","2046-04-10","22.8065954501554"
"277","2046-04-17","22.2703905311021"
"278","2046-04-24","22.8643824729981"
"279","2046-05-01","22.683280920863"
"280","2046-05-08","23.9759556855812"
"281","2046-05-15","25.3670964589528"
"282","2046-05-22","25.9818583251327"
"283","2046-05-29","25.5452076751994"
"284","2046-06-05","26.0538857094596"
"285","2046-06-12","26.3478224530949"
"286","2046-06-19","25.8219876537222"
"287","2046-06-26","26.3111458910075"
"288","2046-07-03","26.7649152197374"
"289","2046-07-10","28.6360393489205"
"290","2046-07-17","28.7749031767587"
"291","2046-07-24","29.0194671728936"
"292","2046-07-31","29.9042156510499"
"293","2046-08-07","29.144786274605"
"294","2046-08-14","28.6290829953459"
"295","2046-08-21","27.4684075601236"
"296","2046-08-28","28.1505945274322"
"297","2046-09-04","27.3419509097721"
"298","2046-09-11","27.3652104469095"
"299","2046-09-18","28.1167307517902"
"300","2046-09-25","27.0420749412331"
"301","2046-10-02","27.4732355607527"
"302","2046-10-09","26.4995544148603"
"303","2046-10-16","26.0395730959938"
"304","2046-10-23","25.2176816014335"
"305","2046-10-30","25.9460487868242"
"306","2046-11-06","23.5386166814978"
"307","2046-11-13","20.3741288733537"
"308","2046-11-20","23.2650745999166"
"309","2046-11-27","20.6676735519726"
"310","2046-12-04","23.7138613423826"
"311","2046-12-11","20.3640147161194"
"312","2046-12-18","19.7290446988145"
"313","2046-12-25","16.6249640280075"
"314","2047-01-01","21.6198084848488"
"315","2047-01-08","22.9795403696732"
"316","2047-01-15","21.6447426996986"
"317","2047-01-22","19.7285014087205"
"318","2047-01-29","16.315475745455"
"319","2047-02-05","18.8944553385626"
"320","2047-02-12","21.2880979571735"
"321","2047-02-19","19.1569103815762"
"322","2047-02-26","20.1682135263381"
"323","2047-03-05","21.2749413754128"
"324","2047-03-12","20.0769598337056"
"325","2047-03-19","20.9930746333502"
"326","2047-03-26","20.2642599337481"
"327","2047-04-02","21.6634061146594"
"328","2047-04-09","21.9631095745912"
"329","2047-04-16","22.1690338830929"
"330","2047-04-23","23.7996653312887"
"331","2047-04-30","23.570981088499"
"332","2047-05-07","24.75694639755"
"333","2047-05-14","24.1659100657839"
"334","2047-05-21","25.3727158708218"
"335","2047-05-28","27.4293590046877"
"336","2047-06-04","27.2775133440676"
"337","2047-06-11","27.4039677540476"
"338","2047-06-18","27.2521814632727"
"339","2047-06-25","27.8856812367666"
"340","2047-07-02","27.534433549237"
"341","2047-07-09","27.2539732003971"
"342","2047-07-16","27.1531088740298"
"343","2047-07-23","28.4509661781704"
"344","2047-07-30","27.2638706016867"
"345","2047-08-06","27.642768954536"
"346","2047-08-13","27.5102196138315"
"347","2047-08-20","28.6100588805701"
"348","2047-08-27","28.2734223360116"
"349","2047-09-03","28.3464741302168"
"350","2047-09-10","28.2912652149026"
"351","2047-09-17","27.9245522427594"
"352","2047-09-24","26.5210205345946"
"353","2047-10-01","26.3749651141721"
"354","2047-10-08","26.5872218327795"
"355","2047-10-15","26.4548349190103"
"356","2047-10-22","23.7175652366007"
"357","2047-10-29","24.0649510837198"
"358","2047-11-05","22.2854967961794"
"359","2047-11-12","19.3094595188541"
"360","2047-11-19","21.2441284256903"
"361","2047-11-26","22.0267086812538"
"362","2047-12-03","19.2757979367419"
"363","2047-12-10","21.6201103749114"
"364","2047-12-17","24.9616849894239"
"365","2047-12-24","23.9703838816069"
"366","2047-12-31","19.0974778058509"
"367","2048-01-07","19.9768051450178"
"368","2048-01-14","20.174971607033"
"369","2048-01-21","21.0766416112921"
"370","2048-01-28","17.8623206592998"
"371","2048-02-04","21.0251186672238"
"372","2048-02-11","17.9372778894842"
"373","2048-02-18","18.5632337719718"
"374","2048-02-25","19.3787547701104"
"375","2048-03-03","21.1342141185615"
"376","2048-03-10","23.2721502532748"
"377","2048-03-17","23.329798933176"
"378","2048-03-24","23.5140638898996"
"379","2048-03-31","20.5331442829359"
"380","2048-04-07","22.8038129087256"
"381","2048-04-14","24.1695887558224"
"382","2048-04-21","23.5424141112269"
"383","2048-04-28","24.826819104566"
"384","2048-05-05","26.6488600542679"
"385","2048-05-12","24.6775325083164"
"386","2048-05-19","26.8042438216136"
"387","2048-05-26","26.8870356310089"
"388","2048-06-02","28.1093688909702"
"389","2048-06-09","28.2006455474108"
"390","2048-06-16","28.1769228134613"
"391","2048-06-23","27.8328347932219"
"392","2048-06-30","28.1981945809661"
"393","2048-07-07","28.3042610500066"
"394","2048-07-14","28.728781768429"
"395","2048-07-21","29.1503569583935"
"396","2048-07-28","29.6925711139607"
"397","2048-08-04","29.3267419683827"
"398","2048-08-11","28.7131534967872"
"399","2048-08-18","29.6645485469684"
"400","2048-08-25","28.2360647009817"
"401","2048-09-01","28.3248887106989"
"402","2048-09-08","27.9160421915346"
"403","2048-09-15","27.623797488491"
"404","2048-09-22","27.5047217421174"
"405","2048-09-29","27.5200430828608"
"406","2048-10-06","26.6522603781448"
"407","2048-10-13","26.0934781150824"
"408","2048-10-20","23.5078154937258"
"409","2048-10-27","22.9935124466677"
"410","2048-11-03","23.5624307105868"
"411","2048-11-10","24.3932310425027"
"412","2048-11-17","22.4164000239084"
"413","2048-11-24","24.6480380172344"
"414","2048-12-01","24.8155108293107"
"415","2048-12-08","22.5064657595416"
"416","2048-12-15","19.2107543505408"
"417","2048-12-22","20.2416753085317"
"418","2048-12-29","22.4952375775681"
"419","2049-01-05","20.1201026680972"
"420","2049-01-12","16.7169520024062"
"421","2049-01-19","20.4585555938669"
"422","2049-01-26","20.4451408092884"
"423","2049-02-02","17.2816594880503"
"424","2049-02-09","19.1154097395099"
"425","2049-02-16","20.8572476291096"
"426","2049-02-23","19.5520178223843"
"427","2049-03-02","20.7225962598249"
"428","2049-03-09","21.7843346482813"
"429","2049-03-16","22.2195408186761"
"430","2049-03-23","20.5170836195903"
"431","2049-03-30","20.6605172452397"
"432","2049-04-06","21.1474395917465"
"433","2049-04-13","22.0926629784785"
"434","2049-04-20","23.8524047970931"
"435","2049-04-27","23.286418619403"
"436","2049-05-04","24.264157638214"
"437","2049-05-11","24.5023382557909"
"438","2049-05-18","26.1572883767609"
"439","2049-05-25","25.3596461034577"
"440","2049-06-01","26.3712399364245"
"441","2049-06-08","27.8785579755136"
"442","2049-06-15","27.8157883664069"
"443","2049-06-22","28.1773742483229"
"444","2049-06-29","27.9111632224534"
"445","2049-07-06","28.3414680200517"
"446","2049-07-13","27.4236426967503"
"447","2049-07-20","28.1495169087304"
"448","2049-07-27","28.5678514012888"
"449","2049-08-03","28.2193448083159"
"450","2049-08-10","28.4376527704033"
"451","2049-08-17","28.1799428342724"
"452","2049-08-24","27.8226786290216"
"453","2049-08-31","28.1841513721758"
"454","2049-09-07","28.1125664612244"
"455","2049-09-14","26.6887756334826"
"456","2049-09-21","25.6678204081127"
"457","2049-09-28","26.5143106218874"
"458","2049-10-05","24.8356545697543"
"459","2049-10-12","25.9529844169623"
"460","2049-10-19","24.9596059246518"
"461","2049-10-26","25.6316501699892"
"462","2049-11-02","24.0748182399939"
"463","2049-11-09","24.935299573921"
"464","2049-11-16","22.9498800910986"
"465","2049-11-23","20.5102286428271"
"466","2049-11-30","22.2101906281307"
"467","2049-12-07","20.8455271254943"
"468","2049-12-14","22.0713318411283"
"469","2049-12-21","19.4583383674868"
"470","2049-12-28","21.184935009625"
"471","2050-01-04","22.0372669921423"
"472","2050-01-11","20.1905276266933"
"473","2050-01-18","21.7278095146982"
"474","2050-01-25","19.7754467136772"
"475","2050-02-01","22.0146045140154"
"476","2050-02-08","17.5679677666545"
"477","2050-02-15","18.7631029163434"
"478","2050-02-22","20.1897698210262"
"479","2050-03-01","21.4434845249835"
"480","2050-03-08","19.3162920919022"
"481","2050-03-15","21.6982651753498"
"482","2050-03-22","22.0797416357276"
"483","2050-03-29","22.3023029431487"
"484","2050-04-05","23.6183688668312"
"485","2050-04-12","23.395002145848"
"486","2050-04-19","23.3867715809705"
"487","2050-04-26","23.6538524310834"
"488","2050-05-03","25.0944426846799"
"489","2050-05-10","25.935212669867"
"490","2050-05-17","25.0643640167237"
"491","2050-05-24","25.4691140165608"
"492","2050-05-31","25.3961445560091"
"493","2050-06-07","26.495875164729"
"494","2050-06-14","27.5393231600829"
"495","2050-06-21","27.2107457919806"
"496","2050-06-28","27.7099453744257"
"497","2050-07-05","28.2518425174226"
"498","2050-07-12","29.3189930833823"
"499","2050-07-19","27.5414811979511"
"500","2050-07-26","28.4263528965411"
"501","2050-08-02","29.2426977913068"
"502","2050-08-09","29.8703742791231"
"503","2050-08-16","29.4550855716483"
"504","2050-08-23","28.9833971913956"
"505","2050-08-30","28.14961212452"
"506","2050-09-06","28.3840188362688"
"507","2050-09-13","28.9702590927"
"508","2050-09-20","28.4690493369071"
"509","2050-09-27","26.8794687761946"
"510","2050-10-04","26.1085720581164"
"511","2050-10-11","25.2697556768961"
"512","2050-10-18","25.8157420580128"
"513","2050-10-25","25.1800976888799"
"514","2050-11-01","24.4305578724243"
"515","2050-11-08","23.7937160247131"
"516","2050-11-15","24.863197697241"
"517","2050-11-22","24.4049100992449"
"518","2050-11-29","22.9308963030103"
"519","2050-12-06","22.3364086789151"
"520","2050-12-13","23.1776457815645"
"521","2050-12-20","21.8153156258679"
"522","2050-12-27","19.8743904815575"
"523","2051-01-03","17.6327010613998"
"524","2051-01-10","17.9444229943594"
"525","2051-01-17","19.6633452438504"
"526","2051-01-24","19.3067509096845"
"527","2051-01-31","20.8752165288987"
"528","2051-02-07","21.9659996538541"
"529","2051-02-14","22.3520218280492"
"530","2051-02-21","21.4105701067738"
"531","2051-02-28","18.9736306282292"
"532","2051-03-07","22.3809651877369"
"533","2051-03-14","22.4631330536634"
"534","2051-03-21","23.599337470848"
"535","2051-03-28","23.5353255757326"
"536","2051-04-04","19.9719172144505"
"537","2051-04-11","21.5666987976504"
"538","2051-04-18","22.3447428609755"
"539","2051-04-25","24.4964724030544"
"540","2051-05-02","24.9177725874146"
"541","2051-05-09","26.1328179188161"
"542","2051-05-16","26.9271164376234"
"543","2051-05-23","26.0071437182185"
"544","2051-05-30","25.729346611025"
"545","2051-06-06","26.8684853548099"
"546","2051-06-13","27.5872144619146"
"547","2051-06-20","27.3898545336472"
"548","2051-06-27","27.3040572658556"
"549","2051-07-04","28.3982306330161"
"550","2051-07-11","28.7215330463709"
"551","2051-07-18","28.9289079954328"
"552","2051-07-25","28.0525989967984"
"553","2051-08-01","27.3702944099849"
"554","2051-08-08","28.2155479386796"
"555","2051-08-15","28.1185868995959"
"556","2051-08-22","27.4856052120164"
"557","2051-08-29","27.7533480919139"
"558","2051-09-05","27.2882441635632"
"559","2051-09-12","27.6863688247181"
"560","2051-09-19","26.4194902577925"
"561","2051-09-26","26.3822972900694"
"562","2051-10-03","25.4404960708366"
"563","2051-10-10","25.416971049674"
"564","2051-10-17","25.8849869009099"
"565","2051-10-24","21.1243066356"
"566","2051-10-31","24.2546500615691"
"567","2051-11-07","19.949983977254"
"568","2051-11-14","23.6239457116414"
"569","2051-11-21","23.0245488734495"
"570","2051-11-28","18.4331902868142"
"571","2051-12-05","24.0227452847171"
"572","2051-12-12","20.7987974562965"
"573","2051-12-19","22.7216372014987"
"574","2051-12-26","21.3715019480871"
"575","2052-01-02","20.6893693097879"
"576","2052-01-09","19.3585012514622"
"577","2052-01-16","15.1221917027357"
"578","2052-01-23","20.5333397553511"
"579","2052-01-30","20.4734182185413"
"580","2052-02-06","19.7729195746008"
"581","2052-02-13","21.2479667421997"
"582","2052-02-20","19.2694632862646"
"583","2052-02-27","22.4561890221322"
"584","2052-03-05","19.9147658970271"
"585","2052-03-12","20.7005526843309"
"586","2052-03-19","21.7939772073103"
"587","2052-03-26","21.4997452947271"
"588","2052-04-02","21.1009832478743"
"589","2052-04-09","23.5363802306264"
"590","2052-04-16","22.227361955658"
"591","2052-04-23","24.1953916747297"
"592","2052-04-30","25.6341414631213"
"593","2052-05-07","26.3739239015074"
"594","2052-05-14","25.0610908339306"
"595","2052-05-21","25.761290388273"
"596","2052-05-28","26.162888745472"
"597","2052-06-04","26.9665749810477"
"598","2052-06-11","26.3124716308554"
"599","2052-06-18","26.9541986086694"
"600","2052-06-25","26.8653577961657"
"601","2052-07-02","27.3480469606824"
"602","2052-07-09","27.4110730923283"
"603","2052-07-16","27.1329001628121"
"604","2052-07-23","27.5601614156983"
"605","2052-07-30","28.1812932182071"
"606","2052-08-06","28.3958771227327"
"607","2052-08-13","27.9530240042418"
"608","2052-08-20","27.7093567168084"
"609","2052-08-27","27.1501885497514"
"610","2052-09-03","27.474484567876"
"611","2052-09-10","27.982465846593"
"612","2052-09-17","27.6820712320467"
"613","2052-09-24","25.9447084845614"
"614","2052-10-01","26.3968972311829"
"615","2052-10-08","25.6994718168771"
"616","2052-10-15","23.2236030826801"
"617","2052-10-22","23.4681054685982"
"618","2052-10-29","24.1772586677266"
"619","2052-11-05","23.2561231955021"
"620","2052-11-12","23.3306536349115"
"621","2052-11-19","18.2034681919171"
"622","2052-11-26","24.6072727771201"
"623","2052-12-03","23.7082212070769"
"624","2052-12-10","23.2160950376183"
"625","2052-12-17","20.298363429143"
"626","2052-12-24","20.6407005990382"
"627","2052-12-31","21.0839037755794"
"628","2053-01-07","22.0840593917426"
"629","2053-01-14","20.3160494820274"
"630","2053-01-21","17.5857311123564"
"631","2053-01-28","20.9231106311947"
"632","2053-02-04","18.4412052159328"
"633","2053-02-11","20.6574255325399"
"634","2053-02-18","19.4552203304216"
"635","2053-02-25","19.3128441601304"
"636","2053-03-04","21.3803357329968"
"637","2053-03-11","19.1973524480985"
"638","2053-03-18","21.0200078196902"
"639","2053-03-25","23.8017203120669"
"640","2053-04-01","23.131799938932"
"641","2053-04-08","24.7615929280859"
"642","2053-04-15","24.1673041369632"
"643","2053-04-22","24.6049752761246"
"644","2053-04-29","23.32425401366"
"645","2053-05-06","25.3867523584976"
"646","2053-05-13","25.8055220432241"
"647","2053-05-20","27.3734527737375"
"648","2053-05-27","26.5720421955349"
"649","2053-06-03","27.1373607425115"
"650","2053-06-10","27.1758738491538"
"651","2053-06-17","27.5333811347147"
"652","2053-06-24","27.3200428767552"
"653","2053-07-01","27.9664919976439"
"654","2053-07-08","28.2661724937677"
"655","2053-07-15","29.0795253723662"
"656","2053-07-22","29.3610056503413"
"657","2053-07-29","29.3345955907517"
"658","2053-08-05","27.8716968377287"
"659","2053-08-12","28.4251660597276"
"660","2053-08-19","28.3281462108913"
"661","2053-08-26","27.4708478848036"
"662","2053-09-02","27.5621631876528"
"663","2053-09-09","27.2798881378805"
"664","2053-09-16","26.0279461278895"
"665","2053-09-23","26.4252440919529"
"666","2053-09-30","26.0799149058906"
"667","2053-10-07","23.7116893021924"
"668","2053-10-14","23.3357392782655"
"669","2053-10-21","22.6744885828264"
"670","2053-10-28","17.811770036472"
"671","2053-11-04","21.1619129518689"
"672","2053-11-11","19.9627899408715"
"673","2053-11-18","24.0520280606903"
"674","2053-11-25","19.0937974355338"
"675","2053-12-02","21.7376072194551"
"676","2053-12-09","19.7099354499209"
"677","2053-12-16","21.8542706457927"
"678","2053-12-23","18.3420206081138"
"679","2053-12-30","18.5406855527926"
"680","2054-01-06","16.7119688560492"
"681","2054-01-13","18.5929472593701"
"682","2054-01-20","19.3388274289451"
"683","2054-01-27","19.8464340055251"
"684","2054-02-03","19.1673292293374"
"685","2054-02-10","18.5447781514697"
"686","2054-02-17","20.0847972133811"
"687","2054-02-24","16.8307175081807"
"688","2054-03-03","19.7532513530125"
"689","2054-03-10","19.6623107523002"
"690","2054-03-17","18.5141225878466"
"691","2054-03-24","22.9164811925474"
"692","2054-03-31","21.2650254910581"
"693","2054-04-07","22.6962694747595"
"694","2054-04-14","22.800284323579"
"695","2054-04-21","24.1873375391095"
"696","2054-04-28","22.8590666314701"
"697","2054-05-05","25.0321737986083"
"698","2054-05-12","25.0381634318714"
"699","2054-05-19","26.3256013281578"
"700","2054-05-26","27.9115905733211"
"701","2054-06-02","25.9295299675025"
"702","2054-06-09","28.1589914398952"
"703","2054-06-16","27.4208187084473"
"704","2054-06-23","27.8878908031797"
"705","2054-06-30","26.9685274648288"
"706","2054-07-07","28.6134239185956"
"707","2054-07-14","29.0579197895047"
"708","2054-07-21","29.5063351903909"
"709","2054-07-28","28.5870597866222"
"710","2054-08-04","28.2965099246347"
"711","2054-08-11","27.3870120622791"
"712","2054-08-18","28.3797106018327"
"713","2054-08-25","28.4210555380783"
"714","2054-09-01","28.2714922559458"
"715","2054-09-08","28.2328340852475"
"716","2054-09-15","27.63185722504"
"717","2054-09-22","28.0068814154355"
"718","2054-09-29","26.9374260672729"
"719","2054-10-06","26.7842087391886"
"720","2054-10-13","25.7224860333329"
"721","2054-10-20","25.7830298333329"
"722","2054-10-27","25.1382649117355"
"723","2054-11-03","21.2392259327082"
"724","2054-11-10","21.155379468419"
"725","2054-11-17","23.4204208410394"
"726","2054-11-24","21.8395805297256"
"727","2054-12-01","20.9340593268209"
"728","2054-12-08","15.5240297796876"
"729","2054-12-15","20.1122843315797"
"730","2054-12-22","20.6943630979095"
"731","2054-12-29","18.8247394575531"
"732","2055-01-05","21.7205971986772"
"733","2055-01-12","20.953774596211"
"734","2055-01-19","21.3047881649166"
"735","2055-01-26","20.8668050540208"
"736","2055-02-02","21.2424167818478"
"737","2055-02-09","22.3493804300252"
"738","2055-02-16","20.4558049777312"
"739","2055-02-23","22.0818576666297"
"740","2055-03-02","23.5986675997631"
"741","2055-03-09","22.1266314914891"
"742","2055-03-16","22.4349626221507"
"743","2055-03-23","23.7640092584294"
"744","2055-03-30","24.6740100841915"
"745","2055-04-06","20.9127472326287"
"746","2055-04-13","23.5314329302137"
"747","2055-04-20","24.7210186796437"
"748","2055-04-27","24.929717128182"
"749","2055-05-04","26.5985418699853"
"750","2055-05-11","26.3546606270717"
"751","2055-05-18","26.1836015402822"
"752","2055-05-25","25.5894880582311"
"753","2055-06-01","27.0337508408446"
"754","2055-06-08","26.7391671899324"
"755","2055-06-15","26.4775226013168"
"756","2055-06-22","26.7298141989226"
"757","2055-06-29","27.3812895933201"
"758","2055-07-06","27.3173051427558"
"759","2055-07-13","27.4953749121292"
"760","2055-07-20","27.25727550802"
"761","2055-07-27","27.7200332072947"
"762","2055-08-03","27.7904721682127"
"763","2055-08-10","28.3947250116777"
"764","2055-08-17","27.9499166089413"
"765","2055-08-24","27.9259815997902"
"766","2055-08-31","28.5859368003969"
"767","2055-09-07","26.9940452964599"
"768","2055-09-14","26.9113649455478"
"769","2055-09-21","26.8988390283705"
"770","2055-09-28","26.7137333722333"
"771","2055-10-05","25.6076798749866"
"772","2055-10-12","25.7148088402212"
"773","2055-10-19","26.4578218943415"
"774","2055-10-26","24.4150264968507"
"775","2055-11-02","24.0819605444048"
"776","2055-11-09","25.4866197195378"
"777","2055-11-16","25.3731062555595"
"778","2055-11-23","22.1389977821956"
"779","2055-11-30","21.3324080251279"
"780","2055-12-07","22.4053841171367"
"781","2055-12-14","21.2036437921091"
"782","2055-12-21","18.6222249945073"
"783","2055-12-28","19.4298301999672"
"784","2056-01-04","21.4895247198455"
"785","2056-01-11","19.4796650240939"
"786","2056-01-18","20.8014007680046"
"787","2056-01-25","17.542179970255"
"788","2056-02-01","15.1891620084455"
"789","2056-02-08","18.8434499203159"
"790","2056-02-15","19.6819140031143"
"791","2056-02-22","19.6682656598047"
"792","2056-02-29","19.743756658504"
"793","2056-03-07","21.3919330161784"
"794","2056-03-14","22.1272778386731"
"795","2056-03-21","22.1222431637712"
"796","2056-03-28","23.436125285313"
"797","2056-04-04","22.5098571219324"
"798","2056-04-11","23.5404728293034"
"799","2056-04-18","25.0623936099704"
"800","2056-04-25","23.9077856609216"
"801","2056-05-02","24.6484104789998"
"802","2056-05-09","25.0926638296918"
"803","2056-05-16","25.89826782329"
"804","2056-05-23","25.8144107172361"
"805","2056-05-30","26.1406872237858"
"806","2056-06-06","26.7308615726089"
"807","2056-06-13","28.7631849135149"
"808","2056-06-20","28.681032730189"
"809","2056-06-27","28.7108980027578"
"810","2056-07-04","28.9260672043434"
"811","2056-07-11","29.4826735065654"
"812","2056-07-18","29.2044972164918"
"813","2056-07-25","28.1306372979177"
"814","2056-08-01","29.1297281775153"
"815","2056-08-08","28.4419509231675"
"816","2056-08-15","28.2244326920415"
"817","2056-08-22","26.3638293475239"
"818","2056-08-29","26.7727862049857"
"819","2056-09-05","27.1564044605382"
"820","2056-09-12","25.0301120967155"
"821","2056-09-19","25.9804446507026"
"822","2056-09-26","25.661993201785"
"823","2056-10-03","24.1280769118985"
"824","2056-10-10","25.3864241440697"
"825","2056-10-17","25.3701125591137"
"826","2056-10-24","26.3526868597612"
"827","2056-10-31","23.8292443963956"
"828","2056-11-07","21.1562890592568"
"829","2056-11-14","23.5276640652215"
"830","2056-11-21","21.2534769359571"
"831","2056-11-28","20.7585357396817"
"832","2056-12-05","17.7783487342055"
"833","2056-12-12","17.7814986965649"
"834","2056-12-19","18.142948475911"
"835","2056-12-26","20.7264188937337"
"836","2057-01-02","20.5638261709243"
"837","2057-01-09","22.245841660154"
"838","2057-01-16","21.1801462154976"
"839","2057-01-23","20.1166861015268"
"840","2057-01-30","19.1651034202307"
"841","2057-02-06","19.6319632397614"
"842","2057-02-13","21.0629568619452"
"843","2057-02-20","20.6153922421443"
"844","2057-02-27","20.2343739377427"
"845","2057-03-06","22.0925027919147"
"846","2057-03-13","20.1849647842051"
"847","2057-03-20","21.3944517538616"
"848","2057-03-27","22.6467163773516"
"849","2057-04-03","23.5005062816366"
"850","2057-04-10","24.7460587520479"
"851","2057-04-17","24.3777713588179"
"852","2057-04-24","24.8335777453538"
"853","2057-05-01","25.7628048794216"
"854","2057-05-08","26.6418544125198"
"855","2057-05-15","27.7132213576832"
"856","2057-05-22","26.7653375297693"
"857","2057-05-29","26.3680826928577"
"858","2057-06-05","26.9456174256488"
"859","2057-06-12","27.8062001363873"
"860","2057-06-19","28.004111196049"
"861","2057-06-26","27.8411555330532"
"862","2057-07-03","27.2849552981695"
"863","2057-07-10","27.4504218575482"
"864","2057-07-17","29.1863591686528"
"865","2057-07-24","29.2209213801167"
"866","2057-07-31","28.3096631458381"
"867","2057-08-07","29.0769181400079"
"868","2057-08-14","30.1759318298409"
"869","2057-08-21","28.1887766191822"
"870","2057-08-28","28.0596824914568"
"871","2057-09-04","27.8879652955328"
"872","2057-09-11","28.038813430733"
"873","2057-09-18","27.6676555614909"
"874","2057-09-25","26.9798066152544"
"875","2057-10-02","25.4211739866485"
"876","2057-10-09","26.8594303332125"
"877","2057-10-16","26.3493285428503"
"878","2057-10-23","25.7083823345115"
"879","2057-10-30","24.9103776811146"
"880","2057-11-06","21.3553051821716"
"881","2057-11-13","22.2722562004867"
"882","2057-11-20","22.4026077367285"
"883","2057-11-27","20.4936633357963"
"884","2057-12-04","18.6335752767287"
"885","2057-12-11","20.8356263636474"
"886","2057-12-18","20.2599914659066"
"887","2057-12-25","19.7708886778165"
"888","2058-01-01","18.7120851760533"
"889","2058-01-08","17.8019975358947"
"890","2058-01-15","20.2247296984351"
"891","2058-01-22","19.1027578014345"
"892","2058-01-29","21.2136140054731"
"893","2058-02-05","22.2522440818699"
"894","2058-02-12","20.9999615354077"
"895","2058-02-19","20.5046405961593"
"896","2058-02-26","21.277164944148"
"897","2058-03-05","22.9374863558411"
"898","2058-03-12","23.6108479396332"
"899","2058-03-19","25.1358934784799"
"900","2058-03-26","23.9729944745225"
"901","2058-04-02","24.2418866650105"
"902","2058-04-09","23.5544852329854"
"903","2058-04-16","24.4355897468618"
"904","2058-04-23","23.9349462449709"
"905","2058-04-30","25.5524418348427"
"906","2058-05-07","25.9706749505897"
"907","2058-05-14","26.1118161160797"
"908","2058-05-21","27.5445062595982"
"909","2058-05-28","27.8483152003434"
"910","2058-06-04","27.2094928642071"
"911","2058-06-11","27.4116886344039"
"912","2058-06-18","27.3559756354974"
"913","2058-06-25","28.5521144716281"
"914","2058-07-02","27.6496692988226"
"915","2058-07-09","26.8688903019624"
"916","2058-07-16","26.9203594771142"
"917","2058-07-23","27.1887907111616"
"918","2058-07-30","29.0880438249843"
"919","2058-08-06","28.2778582716244"
"920","2058-08-13","27.4533085762538"
"921","2058-08-20","27.0429968541142"
"922","2058-08-27","27.1339912237431"
"923","2058-09-03","27.8421132918787"
"924","2058-09-10","26.8042746267219"
"925","2058-09-17","25.5271250765556"
"926","2058-09-24","26.4076907810811"
"927","2058-10-01","25.0520089278749"
"928","2058-10-08","23.4270008121983"
"929","2058-10-15","24.7814185357734"
"930","2058-10-22","21.912378041763"
"931","2058-10-29","22.4336279208167"
"932","2058-11-05","22.7078068280029"
"933","2058-11-12","20.3482693850655"
"934","2058-11-19","22.2784816328524"
"935","2058-11-26","19.3370026463408"
"936","2058-12-03","21.2540146251224"
"937","2058-12-10","21.9555359986624"
"938","2058-12-17","17.247347638104"
"939","2058-12-24","19.5500883024113"
"940","2058-12-31","20.32859780292"
"941","2059-01-07","19.7914916944221"
"942","2059-01-14","18.5165242661178"
"943","2059-01-21","21.2173996732518"
"944","2059-01-28","23.1538642378626"
"945","2059-02-04","18.3159852506612"
"946","2059-02-11","20.8389001065334"
"947","2059-02-18","19.3572785687043"
"948","2059-02-25","18.9591875131222"
"949","2059-03-04","22.0031030067164"
"950","2059-03-11","22.6775629326469"
"951","2059-03-18","22.0412122863918"
"952","2059-03-25","22.8306307159321"
"953","2059-04-01","23.3854615237233"
"954","2059-04-08","24.1331675960885"
"955","2059-04-15","23.9774757776586"
"956","2059-04-22","24.7728384729386"
"957","2059-04-29","25.1004356785002"
"958","2059-05-06","26.050652853354"
"959","2059-05-13","26.984107568483"
"960","2059-05-20","26.6019477947911"
"961","2059-05-27","25.616660404231"
"962","2059-06-03","25.9962801567102"
"963","2059-06-10","27.3831748659555"
"964","2059-06-17","28.3345284692636"
"965","2059-06-24","28.1454047068024"
"966","2059-07-01","28.0029590849941"
"967","2059-07-08","27.0228827985932"
"968","2059-07-15","29.0779358287717"
"969","2059-07-22","27.7158633158"
"970","2059-07-29","27.6339413306479"
"971","2059-08-05","27.1170808994979"
"972","2059-08-12","27.2671656281021"
"973","2059-08-19","27.2578070361635"
"974","2059-08-26","27.4554565324501"
"975","2059-09-02","27.7851725693783"
"976","2059-09-09","27.4010687132986"
"977","2059-09-16","27.0870873656595"
"978","2059-09-23","27.0123116055685"
"979","2059-09-30","26.4891590910001"
"980","2059-10-07","23.2887866921014"
"981","2059-10-14","24.4698685513282"
"982","2059-10-21","24.1922473132991"
"983","2059-10-28","24.3076650930708"
"984","2059-11-04","25.9011517415311"
"985","2059-11-11","23.4047124761156"
"986","2059-11-18","23.2818241775051"
"987","2059-11-25","19.9445505162212"
"988","2059-12-02","21.8984978200008"
"989","2059-12-09","21.7027940863808"
"990","2059-12-16","21.9490770075656"
"991","2059-12-23","19.1743135875561"
"992","2059-12-30","16.7272577114056"
"993","2060-01-06","20.3184920470789"
"994","2060-01-13","18.4023241282681"
"995","2060-01-20","19.4593190901204"
"996","2060-01-27","18.4307236377689"
"997","2060-02-03","18.324841999379"
"998","2060-02-10","19.984405045312"
"999","2060-02-17","21.916911433537"
"1000","2060-02-24","20.0048086688522"
"1001","2060-03-02","19.1990332868326"
"1002","2060-03-09","20.9041688500724"
"1003","2060-03-16","21.7860474123096"
"1004","2060-03-23","20.886487277931"
"1005","2060-03-30","20.9724150473637"
"1006","2060-04-06","23.3453207871706"
"1007","2060-04-13","22.7336612754552"
"1008","2060-04-20","24.2587919484197"
"1009","2060-04-27","24.9965115647273"
"1010","2060-05-04","24.3886853286854"
"1011","2060-05-11","24.9035669516889"
"1012","2060-05-18","25.8290078578851"
"1013","2060-05-25","26.3025647079868"
"1014","2060-06-01","26.6784704845761"
"1015","2060-06-08","26.6738183531114"
"1016","2060-06-15","27.3186868918917"
"1017","2060-06-22","27.2209271603605"
"1018","2060-06-29","27.2084107647621"
"1019","2060-07-06","28.6219894190155"
"1020","2060-07-13","27.9340295743887"
"1021","2060-07-20","27.2153172700704"
"1022","2060-07-27","28.2351847950665"
"1023","2060-08-03","29.0435377245217"
"1024","2060-08-10","29.5808745912863"
"1025","2060-08-17","27.5598606458215"
"1026","2060-08-24","27.670296399422"
"1027","2060-08-31","27.4361327679833"
"1028","2060-09-07","27.4794038636446"
"1029","2060-09-14","26.4828524451667"
"1030","2060-09-21","26.267777339185"
"1031","2060-09-28","26.812914619495"
"1032","2060-10-05","25.5287734299026"
"1033","2060-10-12","23.3225266872168"
"1034","2060-10-19","22.8896409816256"
"1035","2060-10-26","25.0512528024863"
"1036","2060-11-02","21.7862714494617"
"1037","2060-11-09","20.7866871280365"
"1038","2060-11-16","22.3302980655899"
"1039","2060-11-23","20.0113079866364"
"1040","2060-11-30","21.6738764909656"
"1041","2060-12-07","19.8285653623617"
"1042","2060-12-14","15.2614795208844"
"1043","2060-12-21","16.2377264522619"
"1044","2060-12-28","17.720949855729"
"1045","2061-01-04","18.4169621556974"
"1046","2061-01-11","15.2856772135964"
"1047","2061-01-18","17.4163304605858"
"1048","2061-01-25","19.3082149924739"
"1049","2061-02-01","19.2602676813541"
"1050","2061-02-08","20.8733530998856"
"1051","2061-02-15","20.6942925262066"
"1052","2061-02-22","22.9726030592565"
"1053","2061-03-01","21.7639629500353"
"1054","2061-03-08","21.7002283008956"
"1055","2061-03-15","23.6258001791684"
"1056","2061-03-22","22.9192827771351"
"1057","2061-03-29","23.4910664762303"
"1058","2061-04-05","24.3756284434575"
"1059","2061-04-12","23.257233299591"
"1060","2061-04-19","24.4739454674046"
"1061","2061-04-26","25.1886458264206"
"1062","2061-05-03","25.4065998098076"
"1063","2061-05-10","26.6096585934756"
"1064","2061-05-17","27.2170451566065"
"1065","2061-05-24","27.2955242508227"
"1066","2061-05-31","25.9133550452093"
"1067","2061-06-07","27.5444900169047"
"1068","2061-06-14","29.3697666231766"
"1069","2061-06-21","29.6967874931643"
"1070","2061-06-28","29.2637712859319"
"1071","2061-07-05","28.9086315129765"
"1072","2061-07-12","28.6960286569688"
"1073","2061-07-19","27.4203818360007"
"1074","2061-07-26","27.3095893032354"
"1075","2061-08-02","27.9816548321022"
"1076","2061-08-09","28.5224581137037"
"1077","2061-08-16","28.912146095801"
"1078","2061-08-23","26.8737530283501"
"1079","2061-08-30","27.4327229225274"
"1080","2061-09-06","27.4158137184681"
"1081","2061-09-13","26.3055208782096"
"1082","2061-09-20","26.1898045689327"
"1083","2061-09-27","25.5766680922916"
"1084","2061-10-04","24.5751783348872"
"1085","2061-10-11","21.5517549595084"
"1086","2061-10-18","25.2313786728238"
"1087","2061-10-25","19.8649529165228"
"1088","2061-11-01","24.4355891867689"
"1089","2061-11-08","21.5877073215014"
"1090","2061-11-15","24.323722395859"
"1091","2061-11-22","21.6874027340273"
"1092","2061-11-29","15.807653533116"
"1093","2061-12-06","20.9653696390211"
"1094","2061-12-13","20.2825083198845"
"1095","2061-12-20","22.6756300521166"
"1096","2061-12-27","18.984978670079"
"1097","2062-01-03","22.0418619941331"
"1098","2062-01-10","20.2669595814317"
"1099","2062-01-17","20.7035178160397"
"1100","2062-01-24","18.2077024940929"
"1101","2062-01-31","19.6813992777572"
"1102","2062-02-07","20.474477914271"
"1103","2062-02-14","19.9105853637678"
"1104","2062-02-21","21.2842058717476"
"1105","2062-02-28","21.3741607089903"
"1106","2062-03-07","22.009056794035"
"1107","2062-03-14","20.4396104521873"
"1108","2062-03-21","22.6684171760028"
"1109","2062-03-28","23.9058320569548"
"1110","2062-04-04","23.5072178746224"
"1111","2062-04-11","24.2195636031692"
"1112","2062-04-18","24.2109280911391"
"1113","2062-04-25","26.3476409830016"
"1114","2062-05-02","27.5703987933663"
"1115","2062-05-09","25.8918037913572"
"1116","2062-05-16","25.796525831379"
"1117","2062-05-23","25.8494803728496"
"1118","2062-05-30","27.3382072489595"
"1119","2062-06-06","27.0194735132302"
"1120","2062-06-13","28.4793449642347"
"1121","2062-06-20","28.3511598672542"
"1122","2062-06-27","28.3380929003544"
"1123","2062-07-04","28.8219666613131"
"1124","2062-07-11","29.126067410449"
"1125","2062-07-18","29.4679105784237"
"1126","2062-07-25","29.0760180707491"
"1127","2062-08-01","27.659829383673"
"1128","2062-08-08","28.6867899249066"
"1129","2062-08-15","27.2613176983378"
"1130","2062-08-22","27.8565530464283"
"1131","2062-08-29","28.9124636684642"
"1132","2062-09-05","27.2733070465357"
"1133","2062-09-12","27.4896748468854"
"1134","2062-09-19","26.2391694751327"
"1135","2062-09-26","26.4241955980808"
"1136","2062-10-03","24.0409012555282"
"1137","2062-10-10","25.0080886845652"
"1138","2062-10-17","26.3162903441139"
"1139","2062-10-24","25.9522187699947"
"1140","2062-10-31","25.0336653259488"
"1141","2062-11-07","22.7354619740657"
"1142","2062-11-14","24.1422153364785"
"1143","2062-11-21","25.4657439376994"
"1144","2062-11-28","22.6004011768854"
"1145","2062-12-05","22.030046834821"
"1146","2062-12-12","21.5148229950675"
"1147","2062-12-19","19.2055460468459"
"1148","2062-12-26","19.4447297907717"
"1149","2063-01-02","19.1653991492716"
"1150","2063-01-09","15.6807006404725"
"1151","2063-01-16","20.217265340618"
"1152","2063-01-23","20.1804431543817"
"1153","2063-01-30","19.1370276444148"
"1154","2063-02-06","21.3830673059745"
"1155","2063-02-13","21.5936667097489"
"1156","2063-02-20","19.8165580911916"
"1157","2063-02-27","20.333472851351"
"1158","2063-03-06","21.657900401645"
"1159","2063-03-13","21.0629310976727"
"1160","2063-03-20","22.4832006214754"
"1161","2063-03-27","22.5490580226317"
"1162","2063-04-03","24.4850985969321"
"1163","2063-04-10","23.7375219060223"
"1164","2063-04-17","24.2850591843248"
"1165","2063-04-24","24.4612369599483"
"1166","2063-05-01","25.5459072312071"
"1167","2063-05-08","26.0167918781763"
"1168","2063-05-15","25.2146627008082"
"1169","2063-05-22","26.3496287526342"
"1170","2063-05-29","26.5735813307703"
"1171","2063-06-05","27.6553088740353"
"1172","2063-06-12","28.0409966727808"
"1173","2063-06-19","27.9273728705051"
"1174","2063-06-26","27.8316417953867"
"1175","2063-07-03","27.8202355038773"
"1176","2063-07-10","27.2921166457383"
"1177","2063-07-17","27.9833317501861"
"1178","2063-07-24","29.3907084959749"
"1179","2063-07-31","28.7635752982525"
"1180","2063-08-07","29.5701745768992"
"1181","2063-08-14","28.337738921654"
"1182","2063-08-21","28.3269700158425"
"1183","2063-08-28","27.4879592823928"
"1184","2063-09-04","27.0902194050467"
"1185","2063-09-11","26.7195846625549"
"1186","2063-09-18","26.0793380102237"
"1187","2063-09-25","24.6841113592896"
"1188","2063-10-02","26.0253271335808"
"1189","2063-10-09","25.0842282708201"
"1190","2063-10-16","25.1363180288833"
"1191","2063-10-23","23.167138999221"
"1192","2063-10-30","20.5768214459354"
"1193","2063-11-06","17.2864690056143"
"1194","2063-11-13","20.5084665906253"
"1195","2063-11-20","20.3704513035009"
"1196","2063-11-27","20.6902626579321"
"1197","2063-12-04","17.2714366727972"
"1198","2063-12-11","23.6645882914149"
"1199","2063-12-18","20.3088494880499"
"1200","2063-12-25","19.3622460324606"
"1201","2064-01-01","20.412032598942"
"1202","2064-01-08","18.8342823200494"
"1203","2064-01-15","15.232464469308"
"1204","2064-01-22","16.7838018881466"
"1205","2064-01-29","19.8908605727987"
"1206","2064-02-05","18.1588310297206"
"1207","2064-02-12","19.3297326407532"
"1208","2064-02-19","18.6001181285178"
"1209","2064-02-26","20.0060195896596"
"1210","2064-03-04","22.5865741639469"
"1211","2064-03-11","22.649552687698"
"1212","2064-03-18","23.1018500923382"
"1213","2064-03-25","23.3393137910283"
"1214","2064-04-01","24.2393472038908"
"1215","2064-04-08","24.1103852580852"
"1216","2064-04-15","25.513050502564"
"1217","2064-04-22","25.5008752035298"
"1218","2064-04-29","25.3708922084032"
"1219","2064-05-06","26.6348482106789"
"1220","2064-05-13","26.0935055596336"
"1221","2064-05-20","28.5341836581549"
"1222","2064-05-27","27.3303189008319"
"1223","2064-06-03","27.8410071084399"
"1224","2064-06-10","27.0582683465913"
"1225","2064-06-17","27.412882192332"
"1226","2064-06-24","27.3457404982009"
"1227","2064-07-01","27.7201217019697"
"1228","2064-07-08","28.0490541689583"
"1229","2064-07-15","28.7884899098515"
"1230","2064-07-22","29.2106817620772"
"1231","2064-07-29","28.3054658097923"
"1232","2064-08-05","27.9480839850366"
"1233","2064-08-12","27.9999446651117"
"1234","2064-08-19","27.6796493904318"
"1235","2064-08-26","27.6046182279874"
"1236","2064-09-02","27.8833966179074"
"1237","2064-09-09","26.1470017109195"
"1238","2064-09-16","27.0939244194506"
"1239","2064-09-23","26.1904038683147"
"1240","2064-09-30","24.8595940596485"
"1241","2064-10-07","24.6526453412686"
"1242","2064-10-14","24.71466722638"
"1243","2064-10-21","24.0151487449802"
"1244","2064-10-28","22.1151008593603"
"1245","2064-11-04","22.0264387164855"
"1246","2064-11-11","19.2915348664026"
"1247","2064-11-18","18.4724275935508"
"1248","2064-11-25","21.97487936638"
"1249","2064-12-02","24.6461986722152"
"1250","2064-12-09","20.9752995256978"
"1251","2064-12-16","19.8686204047036"
"1252","2064-12-23","20.0136267711612"
"1253","2064-12-30","19.2918244344218"
"1254","2065-01-06","20.4249746651295"
"1255","2065-01-13","18.2047407229414"
"1256","2065-01-20","20.6963743914431"
"1257","2065-01-27","19.8435814524853"
"1258","2065-02-03","17.042581601679"
"1259","2065-02-10","16.328700658547"
"1260","2065-02-17","22.1603462824249"
"1261","2065-02-24","19.9247433915986"
"1262","2065-03-03","22.863886230706"
"1263","2065-03-10","22.9126423159451"
"1264","2065-03-17","23.2346649170681"
"1265","2065-03-24","23.9202398862102"
"1266","2065-03-31","23.2994542211015"
"1267","2065-04-07","24.0401367287465"
"1268","2065-04-14","24.816371131975"
"1269","2065-04-21","26.0309196609916"
"1270","2065-04-28","25.3231006031043"
"1271","2065-05-05","25.0934922070619"
"1272","2065-05-12","26.6462909082255"
"1273","2065-05-19","26.9720661316471"
"1274","2065-05-26","27.7776802069172"
"1275","2065-06-02","27.4593127719316"
"1276","2065-06-09","27.8508025728253"
"1277","2065-06-16","27.8053812805961"
"1278","2065-06-23","27.6736177502028"
"1279","2065-06-30","28.0770806566007"
"1280","2065-07-07","29.5752647009963"
"1281","2065-07-14","29.0288772933772"
"1282","2065-07-21","28.7252173373382"
"1283","2065-07-28","29.2074377041139"
"1284","2065-08-04","28.7809818647897"
"1285","2065-08-11","28.3274881017569"
"1286","2065-08-18","28.913476316392"
"1287","2065-08-25","28.7858121057903"
"1288","2065-09-01","27.0372777457124"
"1289","2065-09-08","27.278541674596"
"1290","2065-09-15","26.7713764512057"
"1291","2065-09-22","26.2298668924821"
"1292","2065-09-29","25.8923986099962"
"1293","2065-10-06","25.2649797649049"
"1294","2065-10-13","25.8556128297971"
"1295","2065-10-20","24.3802318468414"
"1296","2065-10-27","24.9895574515242"
"1297","2065-11-03","21.9767769610588"
"1298","2065-11-10","21.8547226407472"
"1299","2065-11-17","23.59549747406"
"1300","2065-11-24","22.2196141908434"
"1301","2065-12-01","22.1159757244395"
"1302","2065-12-08","22.8571270298253"
"1303","2065-12-15","17.6935321890475"
"1304","2065-12-22","16.8691393196834"
"1305","2065-12-29","15.4061128654836"
"1306","2066-01-05","16.9769448771175"
"1307","2066-01-12","20.7729178046647"
"1308","2066-01-19","21.4637307624243"
"1309","2066-01-26","23.4522694024977"
"1310","2066-02-02","21.2791454325731"
"1311","2066-02-09","19.5534068527277"
"1312","2066-02-16","19.9793384451158"
"1313","2066-02-23","21.7456137471804"
"1314","2066-03-02","23.2122880863102"
"1315","2066-03-09","22.6931407959295"
"1316","2066-03-16","22.8271435776587"
"1317","2066-03-23","23.518731143872"
"1318","2066-03-30","25.0178427020775"
"1319","2066-04-06","25.3222492619261"
"1320","2066-04-13","24.624455306505"
"1321","2066-04-20","26.7186498675375"
"1322","2066-04-27","25.876326744793"
"1323","2066-05-04","26.8279497527765"
"1324","2066-05-11","26.2424476987617"
"1325","2066-05-18","26.531242229662"
"1326","2066-05-25","26.1961313781097"
"1327","2066-06-01","27.3074245442526"
"1328","2066-06-08","27.0669845119961"
"1329","2066-06-15","26.6959588246738"
"1330","2066-06-22","27.4153012334825"
"1331","2066-06-29","27.8423104445726"
"1332","2066-07-06","28.4542259187344"
"1333","2066-07-13","27.9875716532908"
"1334","2066-07-20","28.155161524779"
"1335","2066-07-27","28.1105697301058"
"1336","2066-08-03","29.9650770237131"
"1337","2066-08-10","27.8647740897269"
"1338","2066-08-17","27.4066931660036"
"1339","2066-08-24","28.9420768992368"
"1340","2066-08-31","27.5436610794417"
"1341","2066-09-07","25.73999565696"
"1342","2066-09-14","26.4001043230161"
"1343","2066-09-21","25.8953542201261"
"1344","2066-09-28","26.8424992855308"
"1345","2066-10-05","23.6323577466121"
"1346","2066-10-12","25.1894786845337"
"1347","2066-10-19","25.1316093280377"
"1348","2066-10-26","22.5792671922292"
"1349","2066-11-02","22.6406477709925"
"1350","2066-11-09","19.0800583571775"
"1351","2066-11-16","20.7198355620174"
"1352","2066-11-23","19.9415131325307"
"1353","2066-11-30","19.5465619576363"
"1354","2066-12-07","19.4223843252151"
"1355","2066-12-14","21.3323755397408"
"1356","2066-12-21","18.2647227497824"
"1357","2066-12-28","18.9218741254298"
"1358","2067-01-04","18.4865548162732"
"1359","2067-01-11","18.3071553864016"
"1360","2067-01-18","18.9802229214315"
"1361","2067-01-25","20.9547189128074"
"1362","2067-02-01","21.5883217433912"
"1363","2067-02-08","20.7895783274851"
"1364","2067-02-15","20.6037159858666"
"1365","2067-02-22","18.6512977356504"
"1366","2067-03-01","20.7862552964257"
"1367","2067-03-08","21.1843810777663"
"1368","2067-03-15","23.3780167691569"
"1369","2067-03-22","22.2036834690461"
"1370","2067-03-29","22.4999378770205"
"1371","2067-04-05","22.8122854337274"
"1372","2067-04-12","23.7782333772201"
"1373","2067-04-19","24.6751521135747"
"1374","2067-04-26","25.6654663377364"
"1375","2067-05-03","26.2621702493593"
"1376","2067-05-10","26.5770365437494"
"1377","2067-05-17","26.1455801951889"
"1378","2067-05-24","26.6461732887206"
"1379","2067-05-31","27.2881595895382"
"1380","2067-06-07","28.5096017417269"
"1381","2067-06-14","27.6919882365871"
"1382","2067-06-21","27.9793203649766"
"1383","2067-06-28","28.7580835875602"
"1384","2067-07-05","28.6140265785349"
"1385","2067-07-12","28.8964724566358"
"1386","2067-07-19","27.7573017875566"
"1387","2067-07-26","28.0829409084084"
"1388","2067-08-02","28.5394950189397"
"1389","2067-08-09","27.702329231438"
"1390","2067-08-16","28.3845313212543"
"1391","2067-08-23","27.4358717647011"
"1392","2067-08-30","27.1261700867611"
"1393","2067-09-06","26.6464326117242"
"1394","2067-09-13","25.3698879618687"
"1395","2067-09-20","25.4744259374386"
"1396","2067-09-27","25.3731678657763"
"1397","2067-10-04","24.7015100845264"
"1398","2067-10-11","26.3774446453536"
"1399","2067-10-18","23.0966277863213"
"1400","2067-10-25","24.7897510375552"
"1401","2067-11-01","23.399305899541"
"1402","2067-11-08","21.1195189616584"
"1403","2067-11-15","23.2362981479073"
"1404","2067-11-22","22.9141674488584"
"1405","2067-11-29","20.4027737035361"
"1406","2067-12-06","21.6583697594787"
"1407","2067-12-13","20.6431958128204"
"1408","2067-12-20","19.5198488877983"
"1409","2067-12-27","21.5902019751907"
"1410","2068-01-03","19.317781938964"
"1411","2068-01-10","21.5243171294832"
"1412","2068-01-17","20.018465413555"
"1413","2068-01-24","20.5018832589091"
"1414","2068-01-31","20.3149203347805"
"1415","2068-02-07","19.778463373931"
"1416","2068-02-14","22.4114499230314"
"1417","2068-02-21","22.3806683385103"
"1418","2068-02-28","23.854733103197"
"1419","2068-03-06","22.2057031639728"
"1420","2068-03-13","24.445873052146"
"1421","2068-03-20","24.8352378606513"
"1422","2068-03-27","24.2526197248776"
"1423","2068-04-03","24.9430563002217"
"1424","2068-04-10","25.2918776653934"
"1425","2068-04-17","26.1850656230716"
"1426","2068-04-24","26.4311715549062"
"1427","2068-05-01","26.7552945043308"
"1428","2068-05-08","27.2133726275897"
"1429","2068-05-15","27.0480993002547"
"1430","2068-05-22","27.4902987903542"
"1431","2068-05-29","27.6088542104418"
"1432","2068-06-05","28.2405818500621"
"1433","2068-06-12","27.9574784229196"
"1434","2068-06-19","28.4072940560068"
"1435","2068-06-26","28.1860680100125"
"1436","2068-07-03","28.9462658338893"
"1437","2068-07-10","30.5298169947442"
"1438","2068-07-17","28.6803415755746"
"1439","2068-07-24","28.6358281939045"
"1440","2068-07-31","28.7280194820188"
"1441","2068-08-07","28.2982893397157"
"1442","2068-08-14","28.0991987244479"
"1443","2068-08-21","28.4451669764867"
"1444","2068-08-28","27.7641102766108"
"1445","2068-09-04","27.0380501137945"
"1446","2068-09-11","28.0107208521306"
"1447","2068-09-18","26.4876059534427"
"1448","2068-09-25","24.4346924780674"
"1449","2068-10-02","25.4918016988673"
"1450","2068-10-09","24.4717062160688"
"1451","2068-10-16","25.8382213857678"
"1452","2068-10-23","21.9285081566257"
"1453","2068-10-30",NA
"1454","2068-11-06",NA
"1455","2068-11-13",NA
"1456","2068-11-20",NA
"1457","2068-11-27",NA
"1458","2068-12-04","22.4670492230832"
"1459","2068-12-11","19.7887746838592"
"1460","2068-12-18","20.9939545392653"
"1461","2068-12-25","19.8856477883607"
"1462","2069-01-01","18.0431259223012"
"1463","2069-01-08","22.8244853768483"
"1464","2069-01-15","21.3767343357758"
"1465","2069-01-22","20.6225709525924"
"1466","2069-01-29","21.896478685167"
"1467","2069-02-05","22.987507690897"
"1468","2069-02-12","21.9327256560151"
"1469","2069-02-19","22.5639161665631"
"1470","2069-02-26","21.0657814103411"
"1471","2069-03-05","23.9867413941791"
"1472","2069-03-12","21.7389251180027"
"1473","2069-03-19","24.1544584067512"
"1474","2069-03-26","24.1710421968471"
"1475","2069-04-02","24.2974047515947"
"1476","2069-04-09","24.8982807950837"
"1477","2069-04-16","24.6925833241986"
"1478","2069-04-23","26.1674142959457"
"1479","2069-04-30","26.079870658553"
"1480","2069-05-07","26.3431227137354"
"1481","2069-05-14","26.2502789174155"
"1482","2069-05-21","26.8662461034741"
"1483","2069-05-28","27.4700620744923"
"1484","2069-06-04","27.6536101123291"
"1485","2069-06-11","28.6260405708195"
"1486","2069-06-18","28.3053521109376"
"1487","2069-06-25","29.1679259518659"
"1488","2069-07-02","30.1782466937156"
"1489","2069-07-09","29.4135188386221"
"1490","2069-07-16","29.6455933236169"
"1491","2069-07-23","29.652917098121"
"1492","2069-07-30","28.9838687896009"
"1493","2069-08-06","28.5546214473608"
"1494","2069-08-13","27.8488254449574"
"1495","2069-08-20","28.0379884139202"
"1496","2069-08-27","27.2587390307165"
"1497","2069-09-03","27.6570776473516"
"1498","2069-09-10","25.8887658475739"
"1499","2069-09-17","26.6991614357639"
"1500","2069-09-24","25.8147955010449"
"1501","2069-10-01","27.1992106791086"
"1502","2069-10-08","24.5764570269332"
"1503","2069-10-15","24.1409685697267"
"1504","2069-10-22","24.6823285836513"
"1505","2069-10-29","22.3188172817274"
"1506","2069-11-05","26.351498342669"
"1507","2069-11-12","21.9393319515395"
"1508","2069-11-19","19.7241046796093"
"1509","2069-11-26","20.1454692746507"
"1510","2069-12-03","19.1888323152018"
"1511","2069-12-10","20.9118768482925"
"1512","2069-12-17","17.7604044785031"
"1513","2069-12-24","18.5600216393027"
"1514","2069-12-31","19.3606604095161"
"1515","2070-01-07","20.0133646476932"
"1516","2070-01-14","16.1352423372845"
"1517","2070-01-21","19.8071961386957"
"1518","2070-01-28","19.3214203023151"
"1519","2070-02-04","16.2157814531149"
"1520","2070-02-11","20.0389396087981"
"1521","2070-02-18","20.655655078945"
"1522","2070-02-25","21.8865073516172"
"1523","2070-03-04","21.5355279485773"
"1524","2070-03-11","22.064397891269"
"1525","2070-03-18","23.6884096017113"
"1526","2070-03-25","24.539624759025"
"1527","2070-04-01","24.5182717780526"
"1528","2070-04-08","22.5032497062223"
"1529","2070-04-15","24.6748519037908"
"1530","2070-04-22","27.1528618730696"
"1531","2070-04-29","26.3632703748292"
"1532","2070-05-06","26.3400881305094"
"1533","2070-05-13","26.5088267524954"
"1534","2070-05-20","26.6313123443248"
"1535","2070-05-27","26.6751653764889"
"1536","2070-06-03","27.8358637755191"
"1537","2070-06-10","27.4107975266312"
"1538","2070-06-17","26.7910424324224"
"1539","2070-06-24","28.216145557783"
"1540","2070-07-01","28.2133518144955"
"1541","2070-07-08","28.391861816873"
"1542","2070-07-15","28.7879085334416"
"1543","2070-07-22","28.5791137489279"
"1544","2070-07-29","29.1476220248584"
"1545","2070-08-05","28.7745318351789"
"1546","2070-08-12","29.3736788719462"
"1547","2070-08-19","28.0224094304518"
"1548","2070-08-26","27.9270351344982"
"1549","2070-09-02","26.9528482247348"
"1550","2070-09-09","26.7843459619443"
"1551","2070-09-16","25.8641290420437"
"1552","2070-09-23","26.1095034925765"
"1553","2070-09-30","26.342243928006"
"1554","2070-10-07","23.5001349400569"
"1555","2070-10-14","24.8618607555355"
"1556","2070-10-21","25.2224003839509"
"1557","2070-10-28","24.3795294903695"
"1558","2070-11-04","24.9321955391778"
"1559","2070-11-11","24.2392497477296"
"1560","2070-11-18","22.0100672015913"
