,site_no,lat,lon
1,2228500,30.51773125,-82.2303954
2,2229000,30.43634185,-82.2873402
3,2229250,30.4327323,-82.23095
4,2229500,30.20495758,-82.263448
5,2230000,30.26912537,-82.12233459
6,2230500,30.27801376,-82.1442797
7,2231000,30.35884726,-82.0815013
8,2231250,30.73217876,-81.8928886
9,2231253,30.74162374,-81.687881
10,22312672,NA,NA
11,2231268,30.56662513,-81.8334401
12,2231280,30.4610707,-81.8323275
13,2231289,30.57468167,-81.608708
14,2231291,30.5507931,-81.5898179
15,2231322,27.59294167,-80.6781444
16,2231342,27.5686473,-80.7961709
17,2231396,27.72808533,-80.80505949
18,2231454,27.86666667,-80.805
19,2231458,27.89416667,-80.82138889
20,2231565,28.13029378,-81.001729
21,2231600,28.074462,-80.8881155
22,2232000,28.08473879,-80.752001
23,2232155,28.18195808,-80.8953373
24,2232200,28.2130681,-80.91089309
25,2232400,28.36972837,-80.8725578
26,2232413,28.34000764,-80.9347819
27,2232415,28.3525071,-80.9283928
28,2232460,28.45972509,-80.946726
29,2232500,28.54305529,-80.943392
30,2233001,28.42444965,-81.119231
31,2233102,28.56555599,-81.1883985
32,2233104,28.58305556,-81.1686111
33,2233200,28.5250021,-81.243956
34,2233460,28.57416667,-81.27
35,2233473,28.5972218,-81.2256215
36,2233475,28.6199987,-81.20784299
37,2233484,28.65555285,-81.169786
38,2233500,28.67777778,-81.1141667
39,2234000,28.7141611,-81.0353374
40,2234010,28.793881,-81.05783718
41,2234100,28.8461018,-81.079226
42,2234180,28.84582408,-81.10144869
43,2234263,28.5850004,-81.3531245
44,2234287,28.616666,-81.3653468
45,2234308,28.6324987,-81.32312349
46,2234324,28.64777587,-81.2645109
47,2234344,28.68999664,-81.2475656
48,2234365,28.7494392,-81.3356229
49,2234367,28.7380507,-81.3228449
50,2234384,28.71888466,-81.308678
51,2234400,28.7041629,-81.2906221
52,2234432,28.71055556,-81.2386111
53,2234435,28.78415969,-81.18117379
54,2234440,28.8024925,-81.2092297
55,2234500,28.83804694,-81.3242323
56,2234600,28.71221844,-81.45979299
57,2234610,28.75582805,-81.4992382
58,2234635,28.71360726,-81.4453482
59,2234815,28.6030555,-81.427015
60,2234990,28.6872192,-81.3970138
61,2234998,28.7036075,-81.3920135
62,22349993,NA,NA
63,2235000,28.81527009,-81.41923539
64,2235200,28.87444444,-81.4897222
65,2235400,28.90055556,-81.3583333
66,2235495,28.93943195,-81.3447869
67,2235500,28.944154,-81.3397866
68,2236000,29.00831827,-81.3825651
69,2236122,29.11359314,-81.4361789
70,2236125,29.16692445,-81.5220157
71,2236157,29.27831069,-81.4764593
72,2236160,29.24469863,-81.6425767
73,2236300,28.2555678,-81.6753534
74,2236350,28.3111212,-81.6853534
75,2236500,28.44778229,-81.74007599
76,2236600,28.430838,-81.7950768
77,2236605,28.4486152,-81.7814655
78,2236700,28.46111497,-81.7570206
79,2236900,28.59277586,-81.8222998
80,2237000,28.6158301,-81.8645229
81,2237293,28.7444364,-81.8725798
82,2237522,28.81165724,-81.7709109
83,2237698,28.66638527,-81.705909
84,2237700,28.72249444,-81.6847976
85,2237733,28.80638079,-81.614796
86,2237734,28.79665898,-81.60785149
87,2238000,28.87082178,-81.7836894
88,2238500,29.0811111,-81.8808333
89,2238800,29.00387145,-81.9209166
90,2239000,29.18331078,-81.9923091
91,2239500,29.21247638,-82.05397819
92,2239501,29.2149764,-82.0412
93,2239510,29.21136564,-81.9906426
94,2239600,29.21942074,-82.0425889
95,2240000,29.21469888,-81.9859203
96,2240500,29.37166667,-81.9019444
97,2240783,29.72302278,-82.2151018
98,2240806,29.69830074,-82.2798254
99,2240902,29.61163537,-82.2487121
100,22409424,NA,NA
101,2240954,29.63830073,-82.3923282
102,2240976,29.63413448,-82.3395487
103,2240982,29.61635695,-82.33538159
104,2240988,29.63024576,-82.322048
105,2241000,29.57608027,-82.24982278
106,2241900,29.60024669,-82.14482
107,2242451,29.44191603,-82.1087047
108,2242460,29.45830477,-82.0609253
109,2242500,29.48830407,-82.1017604
110,2243000,29.50969267,-81.9461999
111,2243300,29.5413588,-81.9531456
112,2243500,29.5038593,-81.9117542
113,2243609,29.57024708,-81.8778663
114,2243800,29.54135854,-81.83647529
115,2243960,29.50833333,-81.8041667
116,2244000,29.49469247,-81.79980639
117,2244005,29.48358157,-81.73313759
118,2244032,29.5453361,-81.7289722
119,2244040,29.5963582,-81.683138
120,2244300,29.3063675,-81.2692295
121,2244320,29.35997707,-81.3114538
122,2244333,29.39469798,-81.3711787
123,2244420,29.32194444,-81.3852778
124,2244440,29.57774783,-81.626191
125,2244450,29.59635886,-81.6078574
126,2244473,29.68830093,-81.7420312
127,2244601,29.8382982,-82.0092677
128,2244651,29.81746526,-82.022323
129,2244690,29.80913209,-82.0331564
130,2245000,29.7358001,-81.8628706
131,2245050,29.7169118,-81.7250868
132,2245140,29.7355228,-81.70980879
133,2245255,29.68135917,-81.448686
134,2245260,29.72338056,-81.4843667
135,2245280,29.7752468,-81.4525768
136,2245290,29.8,-81.55
137,2245315,29.9096893,-81.49230329
138,2245328,29.95968819,-81.5434176
139,2245340,30.0059222,-81.6151361
140,2245400,29.94274126,-81.897599
141,2245500,29.9794075,-81.8520426
142,2245800,30.11357285,-81.9831613
143,2245913,30.20773934,-81.8906591
144,2245918,30.2432947,-81.8953821
145,2245922,30.2182948,-81.8981596
146,2245924,30.21107263,-81.898715
147,2245925,30.21107263,-81.8989929
148,2245927,30.20829487,-81.897326
149,2246000,30.1132953,-81.9064915
150,2246025,30.0825,-81.8094444
151,2246030,30.1171845,-81.8078765
152,2246100,30.18885244,-81.5623115
153,2246108,30.16718598,-81.5611999
154,2246150,30.15163087,-81.5261981
155,2246160,30.14333056,-81.5559
156,22462002,NA,NA
157,2246202,30.14913,-81.6284248
158,2246215,30.1332957,-81.7559301
159,2246300,30.2474616,-81.7967668
160,2246318,30.19635087,-81.7684315
161,2246359,30.31412785,-81.75343279
162,2246459,30.28218375,-81.7403761
163,2246500,30.3224616,-81.6653735
164,2246515,30.2644071,-81.5900917
165,2246518,30.28696944,-81.57
166,2246520,30.32412886,-81.5664804
167,2246522,30.34468408,-81.5892594
168,2246599,30.40718226,-81.84232699
169,2246621,30.41746058,-81.69648758
170,2246751,30.44333889,-81.6682
171,2246804,30.45494167,-81.59688889
172,2246825,30.44838056,-81.5182611
173,2246828,30.23551927,-81.4781421
174,2246832,30.2441303,-81.4736976
175,2246850,30.159132,-81.36008009
176,2246895,29.892191,-81.3225729
177,2246900,29.847469,-81.3606294
178,2247000,29.82802493,-81.3489619
179,2247012,29.86246897,-81.3450734
180,2247015,29.82163638,-81.3225716
181,2247027,29.7746926,-81.31618159
182,2247222,29.66941676,-81.2595108
183,2247258,29.49747479,-81.1895059
184,2247465,29.16664884,-81.1053354
185,2247480,29.16637094,-81.154781
186,2247493,29.18387069,-81.0936684
187,2247496,29.17887074,-81.1203357
188,2247498,29.19887033,-81.0956128
189,2247499,29.20942564,-81.0986684
190,2247500,29.20998117,-81.1053353
191,2247508,29.21803653,-81.1086687
192,2247509,29.24581375,-81.0414445
193,2247510,29.21748099,-81.1086687
194,2247598,29.3408117,-81.08616829
195,2248000,29.05081845,-81.0464455
196,2248025,29.15859376,-80.9992216
197,2248030,29.115817,-80.9872772
198,2248037,29.12526116,-81.0289447
199,2248040,29.1152614,-81.0242225
200,2248053,29.07276253,-80.9900553
201,2248060,29.0510963,-80.9594991
202,2248350,28.82106816,-80.8597897
203,2248357,28.7911022,-80.8567203
204,2248365,28.7553611,-80.8461111
205,2248380,28.73638079,-80.754773
206,2248510,28.53916568,-80.7931097
207,2248600,28.36875277,-80.7372679
208,2248650,28.3064107,-80.7066927
209,2248660,28.30307195,-80.70451209
210,2248900,28.16140209,-80.6553314
211,2249000,28.13251428,-80.6550539
212,2249007,28.12695888,-80.6467205
213,2249500,28.07946057,-80.6294983
214,2249518,28.07723829,-80.6022755
215,2249950,28.01335236,-80.7247788
216,2249970,27.99918616,-80.7128342
217,2249990,28.03529575,-80.6711664
218,2250000,28.01307414,-80.62199889
219,2250005,28.01307407,-80.6053319
220,2250030,28.01724054,-80.59588719
221,2250500,27.96724239,-80.5656091
222,2250600,27.96002037,-80.5422754
223,2250700,27.9372435,-80.5350531
224,2251000,27.76947258,-80.5058868
225,2251500,27.85613569,-80.52422
226,2251765,27.82197049,-80.6072774
227,2251767,27.83058119,-80.5342203
228,2252500,27.69308613,-80.42005169
229,2253000,27.64780983,-80.405607
230,2253500,27.6044779,-80.386579
231,2253800,27.20560356,-80.193657
232,2255600,27.20921499,-81.4614637
233,2256000,27.06616477,-81.430908
234,2256500,26.9325585,-81.3147949
235,2257000,26.96255665,-81.11784588
236,2257030,26.9783892,-81.089234
237,2257790,27.0389222,-81.0714972
238,2258000,27.02449846,-81.069789
239,2259000,27.10032883,-81.0120098
240,2259100,27.0964472,-81.0091722
241,2259200,27.09338463,-81.0067319
242,2259500,27.06616336,-80.9864537
243,2259627,27.12199467,-80.8953402
244,2261500,28.33973105,-81.173955
245,2262900,28.37139699,-81.3106247
246,2263130,28.3319542,-81.5409065
247,2263500,28.26584547,-81.3103472
248,2263692,28.47194903,-81.42923779
249,2263800,28.3041775,-81.450905
250,2263851,28.41361778,-81.55729559
251,2263869,28.41278456,-81.5378509
252,2264000,28.39056323,-81.5195173
253,2264003,28.38945214,-81.5250729
254,2264030,28.3805,-81.5069722
255,2264051,28.37444444,-81.515
256,2264060,28.37111947,-81.5289619
257,2264100,28.32528785,-81.5206284
258,2264140,28.30806625,-81.5245174
259,2264495,28.26723444,-81.4478495
260,2265000,28.13973824,-81.3514594
261,2266000,28.07307337,-81.2606245
262,2266025,28.4052845,-81.61146309
263,2266200,28.38500749,-81.6164632
264,2266205,28.39306276,-81.6109075
265,2266291,28.42694444,-81.6052778
266,2266293,28.39472948,-81.5844349
267,22662947,NA,NA
268,2266295,28.36639716,-81.5984074
269,2266298,28.3486201,-81.5811849
270,2266300,28.33278738,-81.579796
271,2266320,28.298622,-81.5775738
272,2266480,28.271123,-81.5909074
273,2266495,28.27584517,-81.5439622
274,2266496,28.27584517,-81.54368439
275,2266500,28.2636234,-81.536462
276,2266700,28.17557077,-81.5981304
277,2267000,27.96141068,-81.49646319
278,2267500,28.00029798,-81.3803494
279,2268390,27.81141547,-81.4436846
280,2268903,27.8041929,-81.1978457
281,2269000,27.77058296,-81.1789565
282,2269160,27.43253863,-81.13951178
283,2269500,27.72058526,-81.4775744
284,2269520,27.708641,-81.4464626
285,2270000,27.53225706,-81.3875724
286,2270500,27.4425375,-81.2972928
287,2270805,27.26782336,-81.3867396
288,2271000,27.323099,-81.4189625
289,2271500,27.3742078,-81.3934062
290,2272000,27.39920639,-81.16229
291,2272500,27.36476398,-81.0517323
292,2272502,27.3625,-81.0508333
293,2272650,27.46531709,-80.9220072
294,2272676,27.38031945,-80.97589739
295,2273000,27.22587987,-80.96256389
296,2273198,27.33083333,-81.2533333
297,2273200,27.33226418,-81.2511809
298,2273230,27.21393588,-81.201458
299,2273300,27.21560245,-80.981731
300,2273630,27.24393485,-80.8964511
301,2274000,27.39448596,-80.89534
302,2274005,27.37754217,-80.8453388
303,2274010,27.3653202,-80.8725617
304,2274325,27.31638889,-80.8383333
305,2274490,27.3047665,-80.8189493
306,2274495,27.2961556,-80.8261717
307,2274500,27.28448929,-80.8220049
308,2274505,27.28087828,-80.8239494
309,2275000,27.25171243,-80.8242271
310,2275197,27.2372685,-80.780615
311,2275503,27.20666667,-80.7980556
312,2275606,27.19393666,-80.7611701
313,2275625,27.20560294,-80.7428363
314,2275631,27.19310335,-80.7295027
315,2275705,27.1625488,-80.717558
316,2276568,27.30365524,-80.3072717
317,2276575,27.27421184,-80.3211609
318,2276870,26.98488816,-80.6208892
319,2276877,26.985777,-80.6153891
320,2276998,27.10866667,-80.28725
321,2277000,27.11116205,-80.2847703
322,2277100,27.20227,-80.2586592
323,2277110,27.19977036,-80.206713
324,2277600,26.93922405,-80.1750444
325,2277700,26.93422439,-80.1417101
326,2277900,26.75034127,-80.1089317
327,2278000,26.8642256,-80.631723
328,2278450,26.68506528,-80.3706056
329,2278500,26.68367645,-80.3692167
330,2278550,26.68506533,-80.3594943
331,2278600,26.6850653,-80.363661
332,2279000,26.64478938,-80.0586527
333,2280500,26.70034336,-80.712281
334,2281200,26.4720184,-80.4458857
335,2281300,26.3559112,-80.2992158
336,2281400,26.33035644,-80.2122691
337,2281490,26.3278564,-80.1336556
338,2281500,26.3278564,-80.1308777
339,2282000,26.23119327,-80.1242112
340,2282100,26.20591644,-80.132267
341,2282700,26.17313998,-80.17949079
342,2283200,26.13508588,-80.1947691
343,2283498,26.70034338,-80.7150588
344,2283500,26.6975657,-80.7136699
345,2284300,26.33369027,-80.53588848
346,2284700,26.14564149,-80.4411646
347,2285000,26.09453194,-80.2297703
348,2285400,26.06147799,-80.4414426
349,2286100,26.0661996,-80.2086586
350,2286200,25.96425918,-80.310884
351,2286300,25.92842674,-80.15587938
352,2286328,25.9002222,-80.1949722
353,2286380,25.93370499,-80.4303317
354,2286400,26.69534407,-80.8067278
355,2287395,25.94148249,-80.4394986
356,2287400,25.93370499,-80.4303317
357,2287497,25.8914843,-80.42005379
358,2288010,25.87648479,-80.3878308
359,2288200,25.8534299,-80.3225513
360,2288600,25.80843135,-80.2633833
361,2288800,25.88772088,-81.2616343
362,2288900,25.85176527,-80.9803467
363,22889001,NA,NA
364,2289000,25.7670457,-80.8331209
365,2289019,25.76183333,-80.7694722
366,2289027,26.66701244,-80.969232
367,2289030,26.43091007,-80.94701
368,2289031,26.33035794,-80.8797864
369,2289032,26.331469,-80.8797864
370,2289035,26.32719444,-80.8816111
371,2289040,25.7620455,-80.7258958
372,2289041,25.76148997,-80.7258958
373,2289050,25.76121208,-80.6739499
374,2289060,25.76148959,-80.56089139
375,2289080,25.76138889,-80.5366667
376,2289085,25.76138889,-80.5166667
377,2289096,25.92564979,-80.454499
378,2289500,25.76232213,-80.32810739
379,2290700,25.67010294,-80.2839402
380,229070838,NA,NA
381,22907085,NA,NA
382,2290709,25.5598611,-80.3595556
383,2290710,25.54316317,-80.3308866
384,2290725,25.4706659,-80.346165
385,22907647,NA,NA
386,2290765,25.71758333,-80.4965556
387,2290766,25.70216667,-80.4959722
388,2290767,25.68621447,-80.497001
389,2290768,25.66338889,-80.4981667
390,2290769,25.33067204,-80.525059
391,22908205,NA,NA
392,22908295,NA,NA
393,2290829501,NA,NA
394,2290829502,NA,NA
395,2290878,25.50138889,-81.0769444
396,2290888,25.70916667,-81.2497222
397,2290918,25.55555556,-81.1647222
398,2290928,25.8697222,-81.3825
399,2290930,25.8286111,-81.3416667
400,2290940,25.7975,-81.2555556
401,2290942,25.79138889,-81.2997222
402,2290947,25.7885722,-81.0999222
403,22909471,NA,NA
404,2291000,25.95815178,-81.355078
405,2291001,25.95794444,-81.3551944
406,2291310,26.14941667,-81.7861056
407,2291315,26.13276667,-81.7928306
408,2291325,26.105675,-81.7870222
409,2291330,26.09313333,-81.7981417
410,2291500,26.33583333,-81.74938889
411,2291524,26.36233333,-81.7903611
412,2291580,26.44294444,-81.7959722
413,2291597,26.42875,-81.7934444
414,2291669,26.52202778,-81.8544167
415,2291670,26.5184109,-81.85453079
416,2291673,26.50688889,-81.8544167
417,2291710,26.50641667,-81.8527778
418,2291715,26.53091043,-81.874809
419,2291717,26.53229929,-81.8845315
420,2292000,26.83983056,-81.0871583
421,2292010,26.83333333,-81.08888889
422,2292480,26.7897863,-81.3028506
423,2292780,26.71068889,-81.5584972
424,2292900,26.72173487,-81.69313699
425,22929176,NA,NA
426,2293055,26.69194444,-81.7594444
427,2293190,26.65388889,-81.8405556
428,2293205,26.64138889,-81.8827778
429,2293210,26.52371389,-82.0050806
430,2293214,26.6364617,-81.9298099
431,2293216,26.63618405,-81.95786619
432,2293230,26.57488889,-81.89188889
433,2293240,26.6003523,-81.9939785
434,2293241,26.60340765,-81.9631443
435,2293243,26.57813097,-81.983145
436,2293249,26.46427778,-82.1045556
437,2293252,26.74383333,-82.0600278
438,2293254,26.75533333,-82.0594722
439,2293261,26.74423494,-81.9161978
440,2293262,26.74202778,-81.9209444
441,2293263,26.72563333,-81.9566972
442,2293264,26.69423756,-82.0370344
443,2293344,26.64219444,-82.0564444
444,22933442,NA,NA
445,2293345,26.6522948,-82.039257
446,22933452,NA,NA
447,2293346,26.67840488,-82.0403679
448,22933462,NA,NA
449,2293347,26.67840488,-82.0403679
450,2293348,26.684,-82.0649444
451,2293349,26.6975,-82.0653333
452,2293350,26.70944444,-82.0703611
453,2293390,26.89506249,-81.9750872
454,2293694,28.03085389,-81.6595218
455,2293763,27.95446714,-81.5922987
456,2293986,27.92335788,-81.7075792
457,2293987,27.92474686,-81.7267463
458,2294068,27.98446716,-81.7295237
459,2294161,27.92444444,-81.7955556
460,2294217,28.04418733,-81.876192
461,2294260,28.0597422,-81.914248
462,2294290,28.0044668,-81.8520254
463,2294330,28.00002249,-81.8120249
464,2294405,27.98280097,-81.8934151
465,2294491,27.93835785,-81.8511927
466,2294650,27.90224784,-81.8173036
467,2294655,27.88305556,-81.8044444
468,2294747,27.8634972,-81.8094778
469,2294759,27.8436111,-81.80388889
470,2294760,27.83833333,-81.8122222
471,2294775,27.86333333,-81.8075
472,2294781,27.8211393,-81.7995263
473,2294898,27.7514193,-81.7820266
474,2295013,27.70003166,-81.6953579
475,2295163,27.707254,-81.8075826
476,2295194,27.6461448,-81.8023047
477,2295420,27.62059006,-81.8256384
478,2295435,27.59253537,-81.8220272
479,2295520,27.62708333,-81.72775
480,2295580,27.57905556,-81.7968333
481,2295637,27.5044825,-81.8009157
482,2295755,27.48198348,-81.8803615
483,2295850,27.425319,-81.8892505
484,2296057,27.51809267,-81.66591258
485,2296222,27.4780935,-81.5567431
486,2296223,27.4780935,-81.5567431
487,2296260,27.45948376,-81.6784128
488,2296389,27.41198568,-81.6964687
489,2296500,27.37504297,-81.7964708
490,2296750,27.22088245,-81.8761946
491,2297000,27.17838397,-81.8278604
492,2297100,27.16671794,-81.8795282
493,2297105,27.1625,-81.9019444
494,2297153,27.4908723,-82.0286976
495,2297155,27.4872613,-82.0234197
496,2297220,27.4275413,-81.9806411
497,2297272,27.26088118,-81.98119669
498,2297290,27.23643776,-81.9964749
499,2297310,27.19949477,-81.9884193
500,2297345,27.08666667,-81.9994444
501,2297350,27.07755529,-82.00730919
502,2297460,26.98755887,-81.9942538
503,2297600,26.96734444,-81.8266361
504,2297635,26.975,-81.8875
505,2298110,27.04155556,-81.7431667
506,2298123,27.05199986,-81.7845267
507,2298124,27.0511111,-81.7861111
508,2298170,26.99027778,-81.8947222
509,2298202,26.98478094,-81.9356414
510,2298208,26.9720038,-81.9692533
511,2298300,26.94394974,-82.0584221
512,2298488,27.4292084,-82.1386997
513,2298492,27.4094869,-82.1264772
514,2298494,27.393932,-82.14231089
515,2298495,27.38448789,-82.1298107
516,2298527,27.40365397,-82.181756
517,2298530,27.4097648,-82.1750893
518,2298554,27.3661553,-82.1492555
519,2298556,27.3553224,-82.1500888
520,2298608,27.3436562,-82.1567556
521,2298700,27.30171364,-82.2539797
522,2298760,27.28838098,-82.3400929
523,2298805,27.26421515,-82.28731389
524,2298830,27.240605,-82.3137035
525,2298850,27.21838374,-82.33314859
526,2298880,27.1856073,-82.3556494
527,2298928,27.1231098,-82.3425939
528,2298955,27.10033295,-82.3334272
529,2299060,27.17616297,-82.2114794
530,2299120,27.1353314,-82.25648068
531,2299160,27.11449895,-82.2637032
532,2299230,27.04519625,-82.2930655
533,2299260,27.06033333,-82.2606667
534,2299410,27.1933843,-82.1442558
535,2299450,27.11163889,-82.2048417
536,2299455,27.1086657,-82.2053687
537,2299470,27.07116727,-82.2178692
538,2299472,27.06933333,-82.2203333
539,2299482,27.0456111,-82.2353333
540,2299484,27.04700165,-82.2378698
541,2299496,26.95811636,-82.2125921
542,2299680,26.96117194,-82.3037052
543,2299681,26.98505987,-82.3523173
544,2299684,27.01005886,-82.36815079
545,2299692,27.1117214,-82.36009439
546,2299700,27.24921594,-82.3859275
547,2299710,27.2347222,-82.3961194
548,2299727,27.14394246,-82.4300958
549,2299730,27.11850278,-82.451425
550,2299732,27.10888889,-82.4611111
551,2299733,27.1136659,-82.4564855
552,2299734,27.11271944,-82.4474111
553,2299735,27.1122222,-82.4655556
554,2299737,27.1964404,-82.4625963
555,2299741,27.22588369,-82.4625961
556,2299742,27.23171687,-82.49898589
557,2299750,27.30865817,-82.4514844
558,2299780,27.3231021,-82.4812073
559,2299861,27.3678222,-82.5442639
560,2299950,27.47365137,-82.211201
561,2300000,27.47531814,-82.3012029
562,2300009,27.5208719,-82.4017604
563,23000095,NA,NA
564,2300017,27.57577778,-82.39738889
565,2300018,27.55337054,-82.3895379
566,2300021,27.51837203,-82.4281499
567,2300032,27.4225425,-82.4164832
568,2300033,27.42055556,-82.4261111
569,2300034,27.421987,-82.4320391
570,23000355,NA,NA
571,2300036,27.405321,-82.4420394
572,2300037,27.41448736,-82.4812069
573,2300038,27.42365367,-82.490096
574,2300039,27.4347643,-82.4675954
575,2300042,27.44143074,-82.4875958
576,2300044,27.445875,-82.4909292
577,2300050,27.4530969,-82.4675954
578,2300056,27.44531935,-82.5156519
579,2300062,27.47920677,-82.52981869
580,2300064,27.49642834,-82.52537409
581,2300075,27.57991667,-82.51338889
582,2300082,27.58805556,-82.5397222
583,23000825,NA,NA
584,2300084,27.595,-82.5561111
585,23000842,NA,NA
586,23000843,NA,NA
587,2300092,27.6991985,-82.1206436
588,2300096,27.67475493,-82.1209214
589,2300100,27.70475366,-82.1978672
590,2300130,27.70475349,-82.25647939
591,2300210,27.60197978,-82.2112009
592,2300300,27.6494778,-82.294258
593,2300430,27.6905871,-82.3378699
594,2300500,27.67114344,-82.3525925
595,2300530,27.70780854,-82.3637038
596,2300542,27.66555556,-82.4322222
597,2300546,27.68864243,-82.4384275
598,2300554,27.7183632,-82.4798172
599,2300700,27.79197208,-82.3520369
600,2300705,27.8378037,-82.38203749
601,2300882,27.89030394,-82.01175129
602,2301000,27.8839148,-82.10008689
603,2301150,27.72930556,-82.0742778
604,2301300,27.79669525,-82.1175877
605,2301314,27.83752744,-82.0878647
606,2301350,27.93780175,-82.1561993
607,2301500,27.872248,-82.2112008
608,2301600,27.86641475,-82.23231238
609,2301638,27.85891477,-82.2737021
610,2301695,27.8936357,-82.29842488
611,2301706,27.88280265,-82.309814
612,2301718,27.86780308,-82.3198141
613,2301719,27.85696987,-82.3575926
614,2301721,27.85974739,-82.3842598
615,2301738,27.88002457,-82.3706484
616,2301740,27.8966908,-82.3498147
617,2301745,27.902246,-82.3770375
618,2301750,27.9258564,-82.3642595
619,2301793,27.985021,-82.37175969
620,2301800,27.9666883,-82.3684263
621,2301802,27.9561331,-82.3706485
622,2301805,27.9422444,-82.4098159
623,2301900,28.18194444,-82.0125
624,2301988,28.19334443,-82.16508419
625,2301990,28.18555556,-82.1841667
626,2302010,28.1786111,-82.1891667
627,2302280,28.11946029,-82.1128623
628,2302500,28.1397222,-82.15
629,2303000,28.15029044,-82.23175318
630,2303090,28.17933333,-82.2663333
631,2303100,28.16556714,-82.265087
632,2303174,28.02002103,-82.1370315
633,2303180,28.04057533,-82.1542538
634,2303200,28.0264089,-82.2364787
635,2303205,28.02835317,-82.2453678
636,2303250,28.00696557,-82.2448128
637,2303300,28.0680729,-82.2675895
638,2303313,28.0527961,-82.2492562
639,2303330,28.0986111,-82.31138889
640,2303348,28.17133333,-82.3622222
641,2303350,28.1347222,-82.3619444
642,2303351,28.1219588,-82.3717581
643,2303358,28.37583514,-82.3295337
644,2303400,28.32388889,-82.3836111
645,2303408,28.27889584,-82.4095362
646,2303410,28.2593611,-82.3861111
647,2303420,28.1872222,-82.4022222
648,2303500,28.1364027,-82.4428714
649,2303800,28.08888889,-82.4091667
650,2304000,28.05446224,-82.3637032
651,2304500,28.02390784,-82.4275939
652,2304510,28.02113015,-82.4345385
653,2304515,28.01363044,-82.44120529
654,2304517,28.0151611,-82.4424056
655,2304520,28.0197412,-82.451761
656,2305000,28.12806987,-82.4873173
657,2305500,28.0880715,-82.4650944
658,2305780,28.0689057,-82.4564832
659,2305851,28.05862836,-82.4612055
660,2306000,28.02113004,-82.451761
661,23060003,NA,NA
662,23060005,NA,NA
663,23060013,NA,NA
664,2306002,28.02890745,-82.4559277
665,2306006,28.0189078,-82.4675947
666,2306021,27.96529857,-82.4867617
667,2306028,27.94196627,-82.4587057
668,2306032,27.88974575,-82.4795394
669,2306071,27.8939121,-82.518429
670,2306289,28.07418316,-82.5000954
671,2306500,28.04307328,-82.5117623
672,2306647,28.01390775,-82.5450963
673,23066535,NA,NA
674,2306654,28.00048604,-82.556316
675,2306660,27.99307525,-82.5039843
676,2306774,28.06583333,-82.5658333
677,2306910,28.06973888,-82.5323183
678,2306950,28.06501684,-82.5553744
679,2307000,28.03696237,-82.5759304
680,2307032,28.0508507,-82.6267649
681,2307200,28.12890323,-82.5703748
682,2307243,28.14751363,-82.5942643
683,2307323,28.14084726,-82.6398209
684,2307359,28.09643229,-82.6871441
685,2307362,28.08682987,-82.6937554
686,2307445,28.07705556,-82.6977778
687,2307479,28.1264034,-82.7367675
688,2307498,28.05362833,-82.7109336
689,2307668,27.9797421,-82.7423232
690,2307669,27.97319444,-82.7294444
691,2307671,27.97529783,-82.7273228
692,2307672,27.97224239,-82.7256561
693,2307673,27.9730757,-82.7156559
694,2307674,27.97550618,-82.7131558
695,2307697,27.97946439,-82.6956554
696,2307731,27.9419656,-82.7498233
697,2307780,27.91585545,-82.7248228
698,2307834,27.87194444,-82.6897222
699,2308193,27.7733605,-82.6564878
700,2308773,27.77169379,-82.7139892
701,2308776,27.7625274,-82.7276006
702,2308865,27.90780025,-82.6759327
703,2308870,27.8722458,-82.7370453
704,2308889,27.83919117,-82.7803798
705,2308929,27.81363685,-82.6795439
706,2308931,27.81613675,-82.6870441
707,2308935,27.81419235,-82.6956554
708,2308950,27.81023889,-82.7203611
709,2309110,27.90752187,-82.8167697
710,2309160,28.96025256,-82.7987188
711,2309415,28.02335166,-82.7406565
712,2309421,28.04,-82.7475
713,2309425,28.0469618,-82.7587125
714,2309445,28.0725164,-82.7598237
715,2309447,28.07112778,-82.7636611
716,2309740,28.22953268,-82.595306
717,2309848,28.18544444,-82.5533611
718,2309980,28.2216775,-82.63509859
719,2310000,28.21417784,-82.6664882
720,2310050,28.19417866,-82.71843379
721,2310147,28.16251317,-82.710378
722,2310175,28.15779109,-82.7564903
723,2310207,28.1716792,-82.7848245
724,2310240,28.38527998,-82.4892626
725,2310280,28.329172,-82.5367636
726,2310286,28.29413889,-82.5537222
727,2310288,28.29488889,-82.5728333
728,2310300,28.25731495,-82.6429044
729,2310304,28.23751034,-82.693711
730,2310305,28.2352882,-82.7003778
731,2310307,28.24028806,-82.7198227
732,2310308,28.2502877,-82.7226006
733,2310310,28.26973116,-82.7264897
734,2310322,28.28055556,-82.6677778
735,2310350,28.3197284,-82.6514885
736,2310352,28.3275058,-82.6662111
737,2310368,28.33877778,-82.6987778
738,2310525,28.51888454,-82.5823215
739,2310545,28.5311063,-82.6231559
740,2310550,28.53249516,-82.6270449
741,2310551,28.53582834,-82.6314894
742,2310600,28.53360629,-82.65010099
743,2310650,28.71526419,-82.5767656
744,2310660,28.73192996,-82.5964882
745,2310663,28.71526404,-82.6062107
746,2310673,28.70263889,-82.6247222
747,2310674,28.69470935,-82.6389891
748,2310675,28.76665075,-82.5887105
749,2310678,28.79970509,-82.58871089
750,2310688,28.79748294,-82.589822
751,2310689,28.8131111,-82.60563889
752,2310690,28.80137159,-82.6026
753,2310700,28.78526096,-82.6178779
754,2310708,28.78192757,-82.6423228
755,2310710,28.7747054,-82.6720455
756,2310712,28.7716498,-82.695657
757,2310740,28.890535,-82.5956566
758,2310742,28.8933611,-82.6055556
759,2310743,28.89470155,-82.5931566
760,2310747,28.90638889,-82.62388889
761,2310750,28.90497848,-82.6367689
762,2310752,28.90155556,-82.6458056
763,2310800,28.36084067,-81.8186886
764,2310900,28.251123,-81.8139667
765,2310947,28.31195156,-82.05591468
766,2311000,28.27139707,-82.0978598
767,2311500,28.3525042,-82.12591619
768,2312000,28.4799981,-82.17758499
769,2312180,28.5216647,-82.0548037
770,2312200,28.57277286,-82.155363
771,2312300,28.5211073,-82.209253
772,2312500,28.5927714,-82.222032
773,2312558,28.644436,-82.25703368
774,2312598,28.7241557,-82.2423118
775,2312600,28.74359973,-82.2200892
776,2312632,28.66804887,-82.01786
777,2312635,28.6963808,-82.05480599
778,2312640,28.6972136,-82.1039741
779,2312645,28.70443503,-82.1570313
780,2312667,28.77026704,-82.0636961
781,2312675,28.8425,-82.1302778
782,2312690,28.80943313,-81.9828609
783,2312700,28.8002651,-82.1528658
784,2312720,28.82331955,-82.1831448
785,2312722,28.85192929,-82.2209241
786,2312762,28.91220435,-82.2800934
787,2312764,28.9511111,-82.25
788,2312772,28.75415483,-82.2298118
789,2312786,28.7469325,-82.2634238
790,2312975,28.95553555,-82.3367621
791,2313000,28.98886759,-82.3495406
792,2313098,29.07130556,-82.4266111
793,2313100,29.04942056,-82.44759948
794,2313200,29.0460871,-82.4645443
795,2313230,29.00997485,-82.6167699
796,2313237,29.02525223,-82.61649239
797,2313250,29.02108538,-82.6378818
798,2313267,29.02163974,-82.7231618
799,2313269,29.01163979,-82.7409398
800,2313272,29.00110935,-82.7657876
801,2313274,28.99469575,-82.75899559
802,2313500,29.3544102,-82.7348357
803,2313700,29.20413378,-82.769001
804,2314000,29.3191318,-82.7840038
805,2314200,29.16108158,-82.6389958
806,2314986,30.54466248,-82.7337418
807,2315000,30.5074414,-82.7162406
808,2315005,30.4857755,-82.7120734
809,2315200,30.3655034,-82.6201252
810,2315392,30.31578279,-82.6445695
811,2315500,30.3257812,-82.7381826
812,2315520,30.3707788,-82.79985119
813,2315550,30.3929988,-82.9331875
814,2315620,30.43771795,-83.0573582
815,2315626,30.43944444,-83.0892778
816,2317620,30.59826888,-83.073195
817,2319000,30.59548716,-83.2595906
818,2319300,30.48243547,-83.2429207
819,2319302,30.48049106,-83.2443097
820,2319394,30.41049435,-83.18013979
821,2319500,30.38466196,-83.1718058
822,2319520,30.36132999,-83.1351374
823,2319800,30.2449425,-83.24958439
824,2319950,30.126055,-83.2259712
825,2320000,30.09994513,-83.1715247
826,2320250,30.0060603,-82.997352
827,2320500,29.955785,-82.9276278
828,2320700,29.84635394,-82.2195493
829,2321000,29.9982954,-82.2739992
830,2321500,29.9219073,-82.4262246
831,2321700,30.05801556,-82.4192829
832,2321800,30.00412606,-82.572064
833,2321898,29.92656389,-82.5596472
834,2321900,29.90746195,-82.5351166
835,2321958,29.8735723,-82.59122849
836,2321975,29.85273894,-82.6084508
837,2322000,29.8427386,-82.6309512
838,2322016,29.72829934,-82.4314979
839,2322049,29.82579759,-82.4681682
840,2322050,29.81857546,-82.4723348
841,2322400,29.8360705,-82.7001197
842,2322500,29.84884769,-82.7151204
843,2322616,30.15856477,-82.667068
844,2322685,29.98388889,-82.7619444
845,2322687,29.98305556,-82.75888889
846,2322688,29.9799552,-82.758457
847,2322691,29.97583333,-82.7583333
848,2322694,29.97333333,-82.7602778
849,2322695,29.96638889,-82.76
850,2322698,29.96027778,-82.7722222
851,2322700,29.95273288,-82.7859573
852,2322800,29.91162076,-82.8604033
853,2323000,29.79134359,-82.924293
854,2323500,29.58968017,-82.9365131
855,2323502,29.5891247,-82.9331797
856,2323566,29.4896808,-82.976791
857,2323592,29.33940554,-83.086515
858,2324000,29.78661294,-83.3215262
859,2324032,29.7868907,-83.3223596
860,2324170,29.6682821,-83.37735989
861,2324400,30.09827057,-83.4718112
862,2324500,30.06549165,-83.5579246
863,2325000,30.0713236,-83.6623725
864,2325495,30.08410118,-83.6640394
865,2325532,30.0579894,-83.748764
866,2325543,30.01132315,-83.7776534
867,2325548,29.9866015,-83.775153
868,2326000,30.17076448,-83.8237679
869,2326261,30.62687025,-83.4954313
870,2326280,30.4710436,-83.4259813
871,2326372,30.54381365,-83.844885
872,2326500,30.36992847,-83.80682559
873,2326512,30.23131776,-83.918772
874,2326526,30.3013159,-83.9796085
875,2326550,30.11234694,-83.9797728
876,2326598,30.51464675,-83.939888
877,2326825,30.50353335,-84.2379543
878,2326828,30.47853365,-84.23656509
879,2326834,30.4682557,-84.264066
880,2326835,30.47158907,-84.260177
881,2326836,30.46936696,-84.2501766
882,232683603,NA,NA
883,2326845,30.45547844,-84.2223976
884,2326885,30.2852222,-84.1511944
885,2326900,30.2714311,-84.1482508
886,2326993,30.3152004,-84.3987914
887,2326995,30.27825,-84.3862778
888,2327000,30.23492447,-84.30128689
889,232701150,NA,NA
890,2327012,30.42964438,-84.32934579
891,23270128,NA,NA
892,2327013,30.43325568,-84.3049005
893,232701370,NA,NA
894,2327014,30.4321447,-84.28989989
895,2327015,30.41353366,-84.3049002
896,2327016,30.4052005,-84.2926775
897,2327017,30.3874227,-84.3135114
898,2327022,30.2138141,-84.261563
899,2327031,30.07270485,-84.3273972
900,2327033,30.18825753,-84.40823469
901,2327100,30.12936856,-84.4943482
902,2328522,30.6690846,-84.3051807
903,2329000,30.55408644,-84.3840715
904,2329104,30.5507539,-84.3040684
905,2329161,30.49992196,-84.2774002
906,2329180,30.47797756,-84.2946228
907,2329181,30.46714439,-84.2893447
908,2329184,30.48381079,-84.3001787
909,2329186,30.48519965,-84.3015676
910,2329500,30.58741806,-84.4965763
911,2329534,30.60019458,-84.5804676
912,2329542,30.59241715,-84.5635226
913,2329558,30.5929732,-84.521577
914,2329600,30.5124192,-84.5235206
915,2329700,30.54575035,-84.6357461
916,2330000,30.38325266,-84.6549109
917,2330100,30.426585,-84.92769349
918,2330119,30.39686267,-84.8088029
919,23301191,NA,NA
920,2330150,30.17658934,-84.6679637
921,2330300,30.1279782,-84.8957456
922,2330400,30.03881356,-84.843799
923,2357500,30.70935834,-84.8624207
924,2358000,30.7010251,-84.8590871
925,2358500,30.7024138,-84.8263088
926,2358685,30.47436269,-84.9801944
927,2358700,30.42519625,-85.0313059
928,2358754,30.1322611,-85.1420111
929,23587547,NA,NA
930,2358784,30.83296839,-85.2085406
931,2358789,30.77297064,-85.2163178
932,2358795,30.79046943,-85.1407611
933,2358998,30.54547206,-85.1590887
934,2359000,30.53408319,-85.1651996
935,2359051,30.10047846,-85.18130469
936,2359101,30.12742226,-85.1774158
937,2359170,29.94937094,-85.0154686
938,2359224,29.7357669,-85.0782461
939,2359315,30.13520204,-85.6154821
940,2359350,30.5557492,-85.434649
941,2359450,30.48213846,-85.52492729
942,2359500,30.3846406,-85.5565932
943,2359550,30.31964139,-85.4554786
944,2365200,30.94990438,-85.84299
945,2365237,30.9215719,-85.9335473
946,2365470,30.8571301,-85.7621545
947,2365482,30.82713103,-85.8090998
948,2365490,30.8129649,-85.8015995
949,2365500,30.77574389,-85.827711
950,2365769,30.6246363,-85.9424358
951,2365800,30.5385274,-85.9204909
952,2366000,30.62685899,-85.7121531
953,2366500,30.4510296,-85.89826819
954,2366650,30.41908587,-85.8716009
955,2366859,30.47908513,-86.07355019
956,2366900,30.53019486,-86.0874394
957,2366996,30.66908,-86.1866092
958,2367000,30.61685928,-86.1638306
959,2367006,30.5563056,-86.1791086
960,2367240,30.5732502,-86.3668914
961,2367242,30.609638,-86.4252265
962,2367250,30.5354738,-86.3818917
963,2367305,30.5621399,-86.53606249
964,2367307,30.5543624,-86.5318957
965,2367310,30.5574179,-86.5193954
966,2367320,30.43158725,-86.7721793
967,2367355,30.54325177,-86.5207843
968,2367388,30.5246407,-86.67134339
969,2367390,30.5088079,-86.6702322
970,2367900,30.92518288,-86.5593967
971,2368000,30.7529664,-86.6291207
972,2368300,30.72796734,-86.6596768
973,2368326,30.93407135,-86.2254992
974,2368500,30.7960205,-86.3068906
975,2368800,30.8340746,-86.4285603
976,2368990,30.7015791,-86.491062
977,2369000,30.69741268,-86.570786
978,2369500,30.6738025,-86.7471786
979,2369600,30.569639,-86.9235732
980,2370000,30.8335197,-86.7346786
981,2370015,30.85046368,-86.7816244
982,2370200,30.8640745,-86.9055174
983,2370300,30.88351869,-87.1083019
984,2370500,30.70852375,-86.972186
985,2370700,30.6807469,-87.1319134
986,2370750,30.67574706,-87.1380247
987,2375500,30.96518304,-87.2341395
988,2376000,30.7987991,-87.3680333
989,2376033,30.6701917,-87.2669179
990,2376079,30.47103015,-87.21330419
991,2376100,30.44825279,-87.2905288
992,2376115,30.49825159,-87.3358086
993,2376140,30.4740855,-87.3330305
994,2376293,30.97851588,-87.5280384
995,2376300,30.88935179,-87.5399837
996,2376500,30.69046866,-87.440258
997,2376551,30.67435804,-87.3980341
998,2376700,30.6371368,-87.386089
999,2.45E+14,NA,NA
1000,2.46E+14,NA,NA
1001,2.46E+14,NA,NA
1002,2.50E+14,NA,NA
1003,2.51E+14,NA,NA
1004,2.51E+14,NA,NA
1005,2.51E+14,NA,NA
1006,2.51E+14,NA,NA
1007,2.51E+14,NA,NA
1008,2.51E+14,NA,NA
1009,2.51E+14,NA,NA
1010,2.51E+14,NA,NA
1011,2.51E+14,NA,NA
1012,2.51E+14,NA,NA
1013,2.51E+14,NA,NA
1014,2.51E+14,NA,NA
1015,2.51E+14,NA,NA
1016,2.51E+14,NA,NA
1017,2.51E+14,NA,NA
1018,2.51E+14,NA,NA
1019,2.51E+14,NA,NA
1020,2.51E+14,NA,NA
1021,2.51E+14,NA,NA
1022,2.51E+14,NA,NA
1023,2.51E+14,NA,NA
1024,2.51E+14,NA,NA
1025,2.51E+14,NA,NA
1026,2.51E+14,NA,NA
1027,2.51E+14,NA,NA
1028,2.51E+14,NA,NA
1029,2.51E+14,NA,NA
1030,2.51E+14,NA,NA
1031,2.51E+14,NA,NA
1032,2.52E+14,NA,NA
1033,2.52E+14,NA,NA
1034,2.52E+14,NA,NA
1035,2.52E+14,NA,NA
1036,2.52E+14,NA,NA
1037,2.53E+14,NA,NA
1038,2.53E+14,NA,NA
1039,2.53E+14,NA,NA
1040,2.53E+14,NA,NA
1041,2.53E+14,NA,NA
1042,2.53E+14,NA,NA
1043,2.53E+14,NA,NA
1044,2.53E+14,NA,NA
1045,2.53E+14,NA,NA
1046,2.53E+14,NA,NA
1047,2.53E+14,NA,NA
1048,2.53E+14,NA,NA
1049,2.54E+14,NA,NA
1050,2.54E+14,NA,NA
1051,2.54E+14,NA,NA
1052,2.54E+14,NA,NA
1053,2.54E+14,NA,NA
1054,2.54E+14,NA,NA
1055,2.54E+14,NA,NA
1056,2.54E+14,NA,NA
1057,2.54E+14,NA,NA
1058,2.54E+14,NA,NA
1059,2.54E+14,NA,NA
1060,2.54E+14,NA,NA
1061,2.54E+14,NA,NA
1062,2.54E+14,NA,NA
1063,2.54E+14,NA,NA
1064,2.54E+14,NA,NA
1065,2.54E+14,NA,NA
1066,2.54E+14,NA,NA
1067,2.54E+14,NA,NA
1068,2.54E+14,NA,NA
1069,2.54E+14,NA,NA
1070,2.54E+14,NA,NA
1071,2.54E+14,NA,NA
1072,2.54E+14,NA,NA
1073,2.54E+14,NA,NA
1074,2.54E+14,NA,NA
1075,2.54E+14,NA,NA
1076,2.54E+14,NA,NA
1077,2.54E+14,NA,NA
1078,2.54E+14,NA,NA
1079,2.54E+14,NA,NA
1080,2.55E+14,NA,NA
1081,2.55E+14,NA,NA
1082,2.55E+14,NA,NA
1083,2.55E+14,NA,NA
1084,2.55E+14,NA,NA
1085,2.55E+14,NA,NA
1086,2.55E+14,NA,NA
1087,2.55E+14,NA,NA
1088,2.55E+14,NA,NA
1089,2.55E+14,NA,NA
1090,2.55E+14,NA,NA
1091,2.55E+14,NA,NA
1092,2.55E+14,NA,NA
1093,2.55E+14,NA,NA
1094,2.55E+14,NA,NA
1095,2.55E+14,NA,NA
1096,2.55E+14,NA,NA
1097,2.55E+14,NA,NA
1098,2.55E+14,NA,NA
1099,2.55E+14,NA,NA
1100,2.56E+14,NA,NA
1101,2.56E+14,NA,NA
1102,2.56E+14,NA,NA
1103,2.56E+14,NA,NA
1104,2.56E+14,NA,NA
1105,2.56E+14,NA,NA
1106,2.56E+14,NA,NA
1107,2.56E+14,NA,NA
1108,2.56E+14,NA,NA
1109,2.56E+14,NA,NA
1110,2.56E+14,NA,NA
1111,2.56E+14,NA,NA
1112,2.56E+14,NA,NA
1113,2.56E+14,NA,NA
1114,2.60E+14,NA,NA
1115,2.61E+14,NA,NA
1116,2.61E+14,NA,NA
1117,2.61E+14,NA,NA
1118,2.61E+14,NA,NA
1119,2.61E+14,NA,NA
1120,2.61E+14,NA,NA
1121,2.61E+14,NA,NA
1122,2.61E+14,NA,NA
1123,2.61E+14,NA,NA
1124,2.61E+14,NA,NA
1125,2.61E+14,NA,NA
1126,2.61E+14,NA,NA
1127,2.61E+14,NA,NA
1128,2.61E+14,NA,NA
1129,2.61E+14,NA,NA
1130,2.61E+14,NA,NA
1131,2.61E+14,NA,NA
1132,2.61E+14,NA,NA
1133,2.61E+14,NA,NA
1134,2.61E+14,NA,NA
1135,2.61E+14,NA,NA
1136,2.61E+14,NA,NA
1137,2.61E+14,NA,NA
1138,2.61E+14,NA,NA
1139,2.61E+14,NA,NA
1140,2.61E+14,NA,NA
1141,2.61E+14,NA,NA
1142,2.61E+14,NA,NA
1143,2.61E+14,NA,NA
1144,2.61E+14,NA,NA
1145,2.61E+14,NA,NA
1146,2.61E+14,NA,NA
1147,2.61E+14,NA,NA
1148,2.61E+14,NA,NA
1149,2.61E+14,NA,NA
1150,2.61E+14,NA,NA
1151,2.61E+14,NA,NA
1152,2.61E+14,NA,NA
1153,2.61E+14,NA,NA
1154,2.61E+14,NA,NA
1155,2.61E+14,NA,NA
1156,2.61E+14,NA,NA
1157,2.61E+14,NA,NA
1158,2.61E+14,NA,NA
1159,2.62E+14,NA,NA
1160,2.62E+14,NA,NA
1161,2.62E+14,NA,NA
1162,2.62E+14,NA,NA
1163,2.62E+14,NA,NA
1164,2.62E+14,NA,NA
1165,2.62E+14,NA,NA
1166,2.62E+14,NA,NA
1167,2.63E+14,NA,NA
1168,2.63E+14,NA,NA
1169,2.63E+14,NA,NA
1170,2.63E+14,NA,NA
1171,2.63E+14,NA,NA
1172,2.63E+14,NA,NA
1173,2.63E+14,NA,NA
1174,2.64E+14,NA,NA
1175,2.64E+14,NA,NA
1176,2.64E+14,NA,NA
1177,2.65E+14,NA,NA
1178,2.66E+14,NA,NA
1179,2.66E+14,NA,NA
1180,2.66E+14,NA,NA
1181,2.66E+14,NA,NA
1182,2.66E+14,NA,NA
1183,2.66E+14,NA,NA
1184,2.66E+14,NA,NA
1185,2.66E+14,NA,NA
1186,2.66E+14,NA,NA
1187,2.66E+14,NA,NA
1188,2.70E+14,NA,NA
1189,2.71E+14,NA,NA
1190,2.71E+14,NA,NA
1191,2.71E+14,NA,NA
1192,2.71E+14,NA,NA
1193,2.71E+14,NA,NA
1194,2.72E+14,NA,NA
1195,2.72E+14,NA,NA
1196,2.72E+14,NA,NA
1197,2.72E+14,NA,NA
1198,2.72E+14,NA,NA
1199,2.73E+14,NA,NA
1200,2.73E+14,NA,NA
1201,2.73E+14,NA,NA
1202,2.74E+14,NA,NA
1203,2.74E+14,NA,NA
1204,2.75E+14,NA,NA
1205,2.75E+14,NA,NA
1206,2.76E+14,NA,NA
1207,2.76E+14,NA,NA
1208,2.80E+14,NA,NA
1209,2.80E+14,NA,NA
1210,2.80E+14,NA,NA
1211,2.80E+14,NA,NA
1212,2.80E+14,NA,NA
1213,2.80E+14,NA,NA
1214,2.81E+14,NA,NA
1215,2.81E+14,NA,NA
1216,2.81E+14,NA,NA
1217,2.81E+14,NA,NA
1218,2.81E+14,NA,NA
1219,2.81E+14,NA,NA
1220,2.81E+14,NA,NA
1221,2.81E+14,NA,NA
1222,2.81E+14,NA,NA
1223,2.81E+14,NA,NA
1224,2.81E+14,NA,NA
1225,2.81E+14,NA,NA
1226,2.82E+14,NA,NA
1227,2.82E+14,NA,NA
1228,2.82E+14,NA,NA
1229,2.82E+14,NA,NA
1230,2.82E+14,NA,NA
1231,2.83E+14,NA,NA
1232,2.83E+14,NA,NA
1233,2.83E+14,NA,NA
1234,2.84E+14,NA,NA
1235,2.84E+14,NA,NA
1236,2.84E+14,NA,NA
1237,2.84E+14,NA,NA
1238,2.84E+14,NA,NA
1239,2.84E+14,NA,NA
1240,2.85E+14,NA,NA
1241,2.85E+14,NA,NA
1242,2.85E+14,NA,NA
1243,2.85E+14,NA,NA
1244,2.85E+14,NA,NA
1245,2.85E+14,NA,NA
1246,2.86E+14,NA,NA
1247,2.91E+14,NA,NA
1248,2.92E+14,NA,NA
1249,2.92E+14,NA,NA
1250,2.92E+14,NA,NA
1251,2.92E+14,NA,NA
1252,2.92E+14,NA,NA
1253,2.94E+14,NA,NA
1254,2.94E+14,NA,NA
1255,2.94E+14,NA,NA
1256,2.94E+14,NA,NA
1257,2.94E+14,NA,NA
1258,2.94E+14,NA,NA
1259,2.94E+14,NA,NA
1260,2.94E+14,NA,NA
1261,2.94E+14,NA,NA
1262,2.95E+14,NA,NA
1263,2.95E+14,NA,NA
1264,2.95E+14,NA,NA
1265,2.95E+14,NA,NA
1266,2.96E+14,NA,NA
1267,2.96E+14,NA,NA
1268,2.96E+14,NA,NA
1269,2.96E+14,NA,NA
1270,2.96E+14,NA,NA
1271,3.00E+14,NA,NA
1272,3.00E+14,NA,NA
1273,3.00E+14,NA,NA
1274,3.00E+14,NA,NA
1275,3.00E+14,NA,NA
1276,3.01E+14,NA,NA
1277,3.01E+14,NA,NA
1278,3.01E+14,NA,NA
1279,3.01E+14,NA,NA
1280,3.01E+14,NA,NA
1281,3.01E+14,NA,NA
1282,3.01E+14,NA,NA
1283,3.01E+14,NA,NA
1284,3.01E+14,NA,NA
1285,3.01E+14,NA,NA
1286,3.01E+14,NA,NA
1287,3.01E+14,NA,NA
1288,3.01E+14,NA,NA
1289,3.01E+14,NA,NA
1290,3.01E+14,NA,NA
1291,3.01E+14,NA,NA
1292,3.01E+14,NA,NA
1293,3.01E+14,NA,NA
1294,3.01E+14,NA,NA
1295,3.01E+14,NA,NA
1296,3.01E+14,NA,NA
1297,3.01E+14,NA,NA
1298,3.02E+14,NA,NA
1299,3.02E+14,NA,NA
1300,3.02E+14,NA,NA
1301,3.02E+14,NA,NA
1302,3.02E+14,NA,NA
1303,3.02E+14,NA,NA
1304,3.02E+14,NA,NA
1305,3.02E+14,NA,NA
1306,3.02E+14,NA,NA
1307,3.02E+14,NA,NA
1308,3.02E+14,NA,NA
1309,3.02E+14,NA,NA
1310,3.02E+14,NA,NA
1311,3.02E+14,NA,NA
1312,3.02E+14,NA,NA
1313,3.02E+14,NA,NA
1314,3.02E+14,NA,NA
1315,3.02E+14,NA,NA
1316,3.02E+14,NA,NA
1317,3.02E+14,NA,NA
1318,3.02E+14,NA,NA
1319,3.02E+14,NA,NA
1320,3.02E+14,NA,NA
1321,3.02E+14,NA,NA
1322,3.02E+14,NA,NA
1323,3.02E+14,NA,NA
1324,3.02E+14,NA,NA
1325,3.02E+14,NA,NA
1326,3.02E+14,NA,NA
1327,3.02E+14,NA,NA
1328,3.02E+14,NA,NA
1329,3.02E+14,NA,NA
1330,3.02E+14,NA,NA
1331,3.02E+14,NA,NA
1332,3.02E+14,NA,NA
1333,3.02E+14,NA,NA
1334,3.02E+14,NA,NA
1335,3.02E+14,NA,NA
1336,3.02E+14,NA,NA
1337,3.02E+14,NA,NA
1338,3.02E+14,NA,NA
1339,3.02E+14,NA,NA
1340,3.02E+14,NA,NA
1341,3.02E+14,NA,NA
1342,3.02E+14,NA,NA
1343,3.02E+14,NA,NA
1344,3.02E+14,NA,NA
1345,3.02E+14,NA,NA
1346,3.02E+14,NA,NA
1347,3.03E+14,NA,NA
1348,3.03E+14,NA,NA
1349,3.03E+14,NA,NA
1350,3.03E+14,NA,NA
1351,3.03E+14,NA,NA
1352,3.03E+14,NA,NA
1353,3.03E+14,NA,NA
1354,3.03E+14,NA,NA
1355,3.03E+14,NA,NA
1356,3.03E+14,NA,NA
1357,3.03E+14,NA,NA
1358,3.03E+14,NA,NA
1359,3.03E+14,NA,NA
1360,3.03E+14,NA,NA
1361,3.03E+14,NA,NA
1362,3.03E+14,NA,NA
1363,3.03E+14,NA,NA
1364,3.03E+14,NA,NA
1365,3.03E+14,NA,NA
1366,3.03E+14,NA,NA
1367,3.03E+14,NA,NA
1368,3.03E+14,NA,NA
1369,3.03E+14,NA,NA
1370,3.03E+14,NA,NA
1371,3.03E+14,NA,NA
1372,3.03E+14,NA,NA
1373,3.03E+14,NA,NA
1374,3.03E+14,NA,NA
1375,3.03E+14,NA,NA
1376,3.03E+14,NA,NA
1377,3.03E+14,NA,NA
1378,3.03E+14,NA,NA
1379,3.03E+14,NA,NA
1380,3.03E+14,NA,NA
1381,3.03E+14,NA,NA
1382,3.03E+14,NA,NA
1383,3.03E+14,NA,NA
1384,3.03E+14,NA,NA
1385,3.03E+14,NA,NA
1386,3.03E+14,NA,NA
1387,3.03E+14,NA,NA
1388,3.03E+14,NA,NA
1389,3.03E+14,NA,NA
1390,3.03E+14,NA,NA
1391,3.03E+14,NA,NA
1392,3.03E+14,NA,NA
1393,3.03E+14,NA,NA
1394,3.03E+14,NA,NA
1395,3.03E+14,NA,NA
1396,3.03E+14,NA,NA
1397,3.03E+14,NA,NA
1398,3.03E+14,NA,NA
1399,3.03E+14,NA,NA
1400,3.03E+14,NA,NA
1401,3.03E+14,NA,NA
1402,3.03E+14,NA,NA
1403,3.03E+14,NA,NA
1404,3.03E+14,NA,NA
1405,3.03E+14,NA,NA
1406,3.03E+14,NA,NA
1407,3.03E+14,NA,NA
1408,3.03E+14,NA,NA
1409,3.03E+14,NA,NA
1410,3.03E+14,NA,NA
1411,3.04E+14,NA,NA
1412,3.04E+14,NA,NA
1413,3.04E+14,NA,NA
1414,3.04E+14,NA,NA
1415,3.04E+14,NA,NA
1416,3.04E+14,NA,NA
1417,3.04E+14,NA,NA
1418,3.04E+14,NA,NA
1419,3.04E+14,NA,NA
1420,3.04E+14,NA,NA
1421,3.04E+14,NA,NA
1422,3.04E+14,NA,NA
1423,3.04E+14,NA,NA
1424,3.04E+14,NA,NA
1425,3.04E+14,NA,NA
1426,3.04E+14,NA,NA
1427,3.04E+14,NA,NA
1428,3.04E+14,NA,NA
1429,3.04E+14,NA,NA
1430,3.04E+14,NA,NA
1431,3.04E+14,NA,NA
1432,3.04E+14,NA,NA
1433,3.05E+14,NA,NA
1434,3.05E+14,NA,NA
1435,3.05E+14,NA,NA
1436,3.05E+14,NA,NA
1437,3.05E+14,NA,NA
1438,3.05E+14,NA,NA
1439,3.05E+14,NA,NA
1440,3.05E+14,NA,NA
1441,3.05E+14,NA,NA
1442,3.06E+14,NA,NA
1443,3.06E+14,NA,NA
